job,money,company
课程助教实习生,150-150/天,风变科技
scratch和python课程开发及讲师实习生,200-250/天,腾云航空无人机
后台开发实习生,150-250/天,云锋有鱼
实习-游戏后台 C#/Python开发实习生,200-250/天,战吼（BattleCry）
Python软件工程师实习生,300-400/天,SmartX
三维图像算法实习生,250-400/天,创壹科技
python开发工程师实习生,150-300/天,数池科技
python开发实习生,100-200/天,智言科技
爬虫实习生,150-200/天,慧科讯业
客户端开发（C/C++/Java/Kotlin/Objective-C/Swift/Python）实习生,面议,富途网络
Python开发工程师J11819实习生,300-500/天,天融信科技集团
网络工程师实习生,120-150/天,万国数据
python爬虫开发实习生,120-150/天,慧科讯业
Python运维实习生,100-150/天,衍盛中国
算法工程师（实习）实习生,200-250/天,升幂科技
Python研发工程师实习生,300-400/天,SmartX
python后端工程师实习生,150-200/天,云计算科技
Python 后台开发实习生,200-200/天,微基因
Python数据分析师实习生,400-500/天,准雀Accunique
Python/Golang 后端工程师（实习）实习生,150-200/天,Gekko Lab
课程助教实习生,150-150/天,风变科技
scratch和python课程开发及讲师实习生,200-250/天,腾云航空无人机
后台开发实习生,150-250/天,云锋有鱼
实习-游戏后台 C#/Python开发实习生,200-250/天,战吼（BattleCry）
Python软件工程师实习生,300-400/天,SmartX
三维图像算法实习生,250-400/天,创壹科技
python开发工程师实习生,150-300/天,数池科技
python开发实习生,100-200/天,智言科技
爬虫实习生,150-200/天,慧科讯业
客户端开发（C/C++/Java/Kotlin/Objective-C/Swift/Python）实习生,面议,富途网络
Python开发工程师J11819实习生,300-500/天,天融信科技集团
网络工程师实习生,120-150/天,万国数据
python爬虫开发实习生,120-150/天,慧科讯业
Python运维实习生,100-150/天,衍盛中国
算法工程师（实习）实习生,200-250/天,升幂科技
Python研发工程师实习生,300-400/天,SmartX
python后端工程师实习生,150-200/天,云计算科技
Python 后台开发实习生,200-200/天,微基因
Python数据分析师实习生,400-500/天,准雀Accunique
Python/Golang 后端工程师（实习）实习生,150-200/天,Gekko Lab
Java开发实习生（2021届）实习生,200-250/天,纷扬科技
行政文员实习生,?0-120/天,杰思谷科技
,140-210/天,优必选
行政实习生,?0-120/天,杰思谷科技
,150-250/天,小鹅通
培训实习生,150-250/天,小鹅通
电商运营实习生,120-1?0/天,天雅
新媒体编辑与运营实习生,100-200/天,毛小汪
HRBP实习生,150-200/天,货拉拉
新媒体运营实习生,150-200/天,童天慧科技
人力资源实习生,0-50/天,仟言
跨境电商（外贸客服）实习生,150-250/天,欧格雅
运营实习生,0-20/天,毛小汪
财务实习生,100-150/天,猫宁宠控
产品经理实习生,0-50/天,仟言
HR实习生,100-150/天,华颐智能
做题实习生,150-200/天,学解
亚马逊运营/B2C运营实习生,120-150/天,欣天雅
情报分析员实习生,0-50/天,仟言
传媒运营实习生,0-50/天,仟言
运力HRBP实习生,150-1?0/天,货拉拉
管培生实习生,0-50/天,仟言
销售代表实习生,250-300/天,乐有家
美术大赛―龙图游戏实习生,面议,实习僧校招内推助手
ui设计师实习生,0-50/天,仟言
腾讯pcg事业群雇主品牌设计实习生,120-150/天,腾讯
前端开发工程师实习生,0-50/天,仟言
Seller Account Management Intern (Jumia)实习生,150-1?0/天,Linio&Jumia
亚马逊推广实习生,1?0-250/天,简优品尚
视觉设计实习生,150-300/天,小满科技
抖音运营|小红书运营|视频剪辑|动画制作|短视频|VLog实习生,120-1?0/天,领寻
web前端开发实习生【2021届】实习生,200-250/天,纷扬科技
培训实习生,150-200/天,货拉拉
财务助理实习生,?0-150/天,大管加
人事行政实习生,100-150/天,猫宁宠控
IT技术支持实习生,200-250/天,抖屏科技
人事行政助理实习生,100-150/天,华颐智能
软件销售助理实习生,100-150/天,思迪信息
新媒体运营实习生,0-50/天,仟言
市场营销实习生,200-250/天,乐有家
后端开发工程师实习生,0-50/天,仟言
新媒体运营实习生,120-1?0/天,领寻
管理培训生（销售方向）实习生,150-250/天,秦丝科技
新媒体运营实习生（公众号方向）实习生,100-100/天,SHOCK
H5开发工程师实习生,120-150/天,侠之谷
国潮内容运营编辑实习生,100-100/天,SHOCK
行政管理实习生,0-50/天,仟言
APP运营实习生,120-150/天,小恩爱
亚马逊测评专员/海外新媒体运营实习生,150-200/天,欣天雅
直播平台运营实习生,100-120/天,腾讯
摩衫校园品牌大使实习生,50-100/天,奇米定制
,100-150/天,货拉拉
平面设计|网页设计实习生,120-1?0/天,领寻
用户/社群运营实习生,120-1?0/天,领寻
Operation Intern (Jumia)实习生,150-1?0/天,Linio&Jumia
语音识别实习生,0-50/天,仟言
亚马逊运营实习生,250-400/天,简优品尚
人力资源实习生,150-1?0/天,货拉拉
数据分析实习生,0-50/天,仟言
杂志编辑实习生,0-50/天,仟言
杂志编辑实习生,0-50/天,仟言
校园业务代表实习生,50-100/天,火星实践
豪宅高端顾问实习生,250-400/天,乐有家
测试开发实习生,100-200/天,长亮网金
内容编辑实习生,150-200/天,童天慧科技
Java开发实习生,120-200/天,长亮网金
测试助理实习生,100-200/天,大管加
用户运营助理（偏用户回访）实习生,150-150/天,童天慧科技
社群运营实习生,0-50/天,仟言
行业研究实习生,0-50/天,仟言
社群运营实习生,100-150/天,企域数字科技
秘书实习生,0-50/天,仟言
产品专员实习生,300-400/天,抖屏科技
运营实习生/运营助理/SEO实习生,150-250/天,欣天雅
项目经理助理（深圳）实习生,100-150/天,华颐智能
人工智能实习生,0-50/天,仟言
日语实习生/日语亚马逊运营助理实习生,150-1?0/天,欣天雅
校园大使实习生,100-150/天,亿幕
Android工程师实习生,150-300/天,深算纪元
市场部实习生,120-150/天,桥源
信号处理实习生,0-50/天,仟言
渠道专员实习生,100-150/天,秦丝科技
实习生（新媒体运营）实习生,150-150/天,货六六
销售顾问实习生,200-250/天,秦丝科技
电商运营实习生,?0-150/天,天雅
Social Media Interns实习生,150-200/天,realme
人力资源实习生,150-200/天,优必选
管理培训生（市场推广方向）实习生,150-250/天,秦丝科技
运营实习生,120-150/天,领寻
新媒体运营实习生,120-150/天,星奇文化
ios开发实习生,120-200/天,大管加
赛事运营实习生,120-1?0/天,Makeblock童心制物
C4D视觉设计实习生,150-250/天,小满科技
新媒体实习生,150-150/天,货拉拉
外贸速卖通客服实习生,150-250/天,欧格雅
图像识别实习生,0-50/天,仟言
动效设计师实习生,150-200/天,腾讯
人力资源实习生,150-210/天,优必选
亚马逊运营（销售）实习生,150-200/天,欣天雅
用户画像工程师（实习）实习生,1?0-300/天,深度赋智
活动策划实习生,150-200/天,万天互娱
客户中心实习生,100-150/天,蓝凌软件
客服专员实习生,200-300/天,凌酷科技
SEO/SEM运营实习生,120-1?0/天,领寻
韩语客服实习生,150-200/天,软通动力
速卖通运营实习生,150-250/天,简优品尚
活动策划实习生,0-50/天,仟言
平台活动运营实习生（电商）实习生,150-200/天,AKULAKU
英语客服/法语/德语/日语实习生,150-1?0/天,欣天雅
法务助理实习生,0-50/天,仟言
国潮内容编辑实习生,100-100/天,SHOCK休克
,300-500/天,学而思网校
用户运营（实习生）实习生,150-1?0/天,Atom intl
潮流内容新媒体运营实习生（公众号方向）实习生,100-100/天,SHOCK休克
后期实习生,100-120/天,赫炎互娱
文本处理实习生,0-50/天,仟言
CEO助理实习生,100-200/天,鼎然科技
客服专员实习生,100-150/天,大管加
人力资源/人事助理/部门文员实习生,100-120/天,欣天雅
Java开发实习生,100-150/天,用友软件
亚马逊SNS站外推广专员实习生,150-300/天,吉家严选
大数据/AI架构工程师（实习）实习生,1?0-300/天,深度赋智
ERP实施实习生,100-150/天,用友软件
公关实习生,0-50/天,仟言
Marketing Intern实习生,150-200/天,Tophatter
Business Intern-SZ实习生,150-200/天,Tophatter
知识图谱算法工程师（实习）实习生,1?0-300/天,深度赋智
产品运营实习生,120-200/天,Makeblock童心制物
自然语言处理算法工程师（实习）实习生,1?0-300/天,深度赋智
亚马逊推广测评助理--实习生,1?0-1?0/天,东方丝路
人力资源实习生,150-200/天,秦丝科技
校园推广实习生,100-200/天,星阁
客户顾问/售后培训实习生,100-150/天,秦丝科技
亚马逊站外推广实习生,150-200/天,天雅
产品助理实习生,150-300/天,大管加
实施总监助理实习生,100-200/天,大管加
课程助教实习生,150-150/天,风变科技
日语实习生,150-1?0/天,天雅
内容运营实习生,100-150/天,Insta360影石
运营实习生,100-150/天,秦丝科技
跨境电商运营助理实习生,150-200/天,欣天雅
HR实习生（英语）-深圳实习生,150-150/天,字节跳动
人力资源实习生,100-200/天,海信集团
高校实习合伙人（策划营销）实习生,100-1?0/天,镜习科技
高校实习合伙人（新财务）实习生,?0-120/天,镜习科技
腾讯pcg事业群雇主品牌设计实习生,120-150/天,腾讯
美妆短视频编导实习生,150-200/天,人生无限传媒
软件开发实习生,120-150/天,伊顿
留学生新媒体运培生实习生,面议,兔希求职
线上新媒体运营实习生,面议,兔希求职
公众号运营专员实习生,150-1?0/天,人生无限传媒
21届线上新媒体实习生,面议,兔希求职
学科编辑-急诊学实习生,150-200/天,圣才电子书
线上俄语翻译运营实习生,面议,蓝船出海
线上海外推广联盟公众号运营实习生,面议,蓝船出海
线上翻译运营（ AI智能&物联网）实习生,面议,蓝船出海
线上HR实习生,面议,蓝船出海
线上翻译运营（金融科技&区块链）实习生,面议,蓝船出海
线上印尼语翻译运营实习生,面议,蓝船出海
线上阿拉伯语翻译运营实习生,面议,蓝船出海
scratch和python课程开发及讲师实习生,200-250/天,腾云航空无人机
线上泰语翻译运营实习生,面议,蓝船出海
线上翻译运营（医疗）实习生,面议,蓝船出海
校园游戏创作实习生,?0-100/天,代码乾坤
海外影响者营销执行实习生,150-200/天,领聚LinkJoint
线上翻译运营（全球电商）实习生,面议,蓝船出海
线上韩语翻译运营实习生,面议,蓝船出海
线上德语翻译运营实习生,面议,蓝船出海
内容运营实习生,120-150/天,腾讯
线上KOL营销堂公众号运营实习生,面议,蓝船出海
线上翻译运营（海外推广&KOL）实习生,0-20/天,蓝船出海
线上翻译运营（海外房产&旅游&医疗）实习生,面议,蓝船出海
线上翻译运营（海外房产）实习生,面议,蓝船出海
线上日语翻译运营实习生,面议,蓝船出海
线上项目运营专员（金融科技方向）实习生,0-20/天,蓝船出海
产品经理实习生,1?0-300/天,深度赋智
新媒体内容编辑实习生,150-1?0/天,人生无限传媒
机器人控制算法实习生,?0-14l/天,Xeno Dynamics
线上越南语翻译运营实习生,面议,蓝船出海
网络运营实习生,面议,58到家
海外运营实习生,?0-100/天,小鼠科技
内容运营实习生,面议,58到家
腾讯微视校园星探官实习生,100-150/天,腾讯
视频编辑实习生,50-100/天,小鼠科技
行政助理实习生,?0-120/天,重和
运营编辑实习生,面议,58到家
腾讯企鹅辅导产品运营实习生,120-200/天,腾讯
少儿教育内容创作实习生（线上）实习生,50-100/天,嗨拼生活
销售BD实习生,200-250/天,秦丝科技
产品运营实习生（策略运营）实习生,150-200/天,AKULAKU
校园游戏创作社长实习生,?0-100/天,代码乾坤
新媒体编剧实习生,150-200/天,人生无限传媒
大学生互联网运营实习生,0-50/天,毛小汪
线上区块链公众号运营实习生,面议,蓝船出海
行政实习生（深圳）实习生,100-150/天,蓝凌软件
大数据清洗实习生,100-120/天,棕榈大道
中台产品经理实习生,150-250/天,腾讯
HTML5实习生,100-130/天,重和
行政人事实习生,100-150/天,云计算科技
PHP开发实习生,?0-130/天,重和
短视频编导实习生,150-300/天,人生无限传媒
高校实习合伙人（联创）实习生,?0-120/天,镜习科技
高校实习合伙人（运营）实习生,?0-150/天,镜习科技
平台运营实习生,100-150/天,欢聚集团
新媒体内容编辑实习生（图文）实习生,150-1?0/天,人生无限传媒
公众号内容编辑实习生,150-1?0/天,人生无限传媒
新媒体运营实习生,120-1?0/天,人生无限传媒
后台开发实习生,150-250/天,云锋有鱼
前端开发实习生,200-300/天,国双科技
内容编辑实习生,120-1?0/天,学解
HR实习生,100-150/天,华颐智能
互联网运营实习生,0-50/天,毛小汪
软件开发实习（C语言）实习生,150-200/天,深圳市智能机器人研究院
互联网行业研究员实习生,100-150/天,重和
软件测试助理工程师（实习生）实习生,150-200/天,微光医疗
视频剪辑实习生,50-100/天,小鼠科技
人力资源实习生-深圳实习生,100-150/天,字节跳动
影视剪辑实习生,50-100/天,小鼠科技
行业研究实习生,100-150/天,Insta360影石
移动应用平台部-产品数据运营实习生,100-120/天,腾讯
内容运营实习生,150-150/天,稿定设计
Go实习生,100-200/天,续科天下
运营实习生（金融业务）实习生,120-200/天,人人贷
内容审核实习生,120-150/天,亿幕
跨境电商运营实习生,150-300/天,Kizent
初级C++软件开发实习生,?0-100/天,惟德精准
腾讯PCG-用户增长实习生,100-120/天,腾讯
VR创作实习生,100-150/天,酷开网络
区块链后端实习生（深圳）实习生,150-300/天,续科天下
HR实习生（,100-150/天,华颐智能
媒介助理实习生,150-200/天,蓝果网络
内容编辑实习生（英语方向）实习生,100-150/天,腾讯
平面设计实习生,120-150/天,龙视传媒
腾讯信息流产品-多媒体设计师实习生,100-150/天,腾讯
辅导老师-运营方向实习生,200-300/天,学而思网校
UI设计实习生（深圳）实习生,150-150/天,字节跳动
文案策划编辑实习生,150-1?0/天,人生无限传媒
美妆短视频脚本编辑实习生,150-200/天,人生无限传媒
腾讯PCG-HRBP实习生,100-120/天,腾讯
交互设计实习生（深圳）实习生,150-150/天,字节跳动
iOS工程师实习生,300-500/天,小焙科技
新媒体运营实习生,面议,同学库
部门助理实习生,100-120/天,字节跳动
Android开发实习生,100-150/天,腾讯
新媒体运营助理实习生,120-150/天,新商业女性
Web前端开发工程师助理实习生,120-150/天,新商业女性
人事实习生,100-200/天,压寨网络
HRBP实习生,150-1?0/天,丰巢科技
数据运营实习生,100-120/天,腾讯
运营助理/项目管理实习生,150-200/天,鼎然科技
视频剪辑实习生（培训课程）实习生,100-150/天,蓝凌软件
企鹅辅导内容运营实习生,面议,腾讯
教研实习生,200-300/天,学而思网校
主讲教师实习生,300-400/天,学而思网校
电商运营实习生,150-200/天,BLUE
设计实习生,150-200/天,BLUE
复变/离散数学/电路线上实习生,100-200/天,学解
小语种标注实习生,400-500/天,文思海辉
校园合伙人实习生,100-200/天,学而思网校
行政管培生实习生,100-1?0/天,十方时空
销售支持实习生,100-120/天,多保科技
运营管培生实习生,300-400/天,学而思网校
新媒体运营实习生,120-150/天,DR
商品实习生,120-150/天,DR
芬兰语在线实习生,150-300/天,独角鲸翻译工作室
产品设计助理实习生,?0-120/天,普深软件
客服实习生,100-120/天,量子云
运营实习生,120-150/天,荔枝微课
活动策划实习生,100-150/天,腾讯
设计实习生,面议,百丽
人力资源实习生,面议,百丽
Android开发实习生,200-200/天,腾讯
,120-1?0/天,道乐科技
运营助理实习生,150-150/天,风变科技
金融客服实习生002实习生,200-300/天,金斧子
公众号内容运营实习生002实习生,100-150/天,金斧子
HR实习生,1?0-200/天,吉刻联盟
【2021届秋招】视觉设计师实习生,面议,富途网络
【2021届】客户经理实习生,面议,富途网络
【2021届】财经内容运营实习生,面议,富途网络
【2021届】交互设计师实习生,面议,富途网络
商务助理实习生,?0-120/天,金蝶账无忧
亚马逊推广实习生,1?0-250/天,简优品尚
人力资源实习生,100-200/天,小雨伞
亚马逊运营实习生,250-300/天,刀刀电子商务
亚马逊运营助理实习生,150-300/天,吉家严选
【深圳】销售经理助理实习生,1?0-300/天,华颐智能
孵化器实习生,120-150/天,太库
人事行政助理实习生,100-150/天,华颐智能
政府事务经理实习生,250-300/天,元戎启行
腾讯教育--开心鼠英语--销售助理实习生,100-120/天,腾讯企鹅辅导
社群运营实习生,100-150/天,荔枝微课
线上互联网运营实习生,50-100/天,毛小汪
大客户专员实习生,150-200/天,数池科技
ReactNative开发工程师实习生,150-300/天,数池科技
客户成功经理实习生,150-200/天,希悦
校园推广大使-05846实习生,100-200/天,龙图游戏
商务拓展实习生,150-250/天,ONES复临科技
视频账号拍摄实习生,100-150/天,腾讯
活动及视频运营实习生,120-200/天,人人贷
活动及视频运营实习生,120-200/天,人人贷
微信群运营/粉丝运营实习生,120-1?0/天,荔枝微课
新媒体实习生,120-150/天,荔枝微课
HR 运营实习生,150-200/天,SenseTime商汤科技
Java后端开发工程师实习生,150-150/天,毕马威
人力资源实习生,150-200/天,百丽新零售
达人运营实习生（潮流向）实习生,120-150/天,SHOCK休克
金融运营实习生,120-200/天,人人贷
培训实习生,120-1?0/天,小雨伞
博士后研究员实习生,300-400/天,前海创新研究院
HR实习生,150-200/天,富途网络科技
后期制作实习生（多媒体方向）实习生,150-150/天,SHEIN
Android开发工程师实习生,300-400/天,平安科技
软件测试实习生,100-200/天,城安软通
外贸专员实习生,150-250/天,恒安特斯
音频算法研究实习生,200-250/天,腾讯音乐
售后储备干部（2020）实习生,100-200/天,苏宁易购
库存管理专员实习生,100-150/天,KLOOK客路旅行
人事实习生,100-150/天,深圳欧依云
总账实习生,120-200/天,优必选
新闻编辑实习生,100-150/天,智讯派
云平台测试工程师（校招）J11805实习生,300-500/天,天融信科技集团
文员实习生,100-150/天,任子行
知识产权实习生,150-200/天,商汤科技
日语销售助理/专员实习生,200-400/天,浩方集团
客服专员实习生,120-200/天,恒安特斯
运营专员实习生,120-200/天,恒安特斯
德语实习生,?0-120/天,Interact China
海外平面设计-实习生,150-150/天,稿定设计
企划实习生,1?0-300/天,吉比特
阿里巴巴国际站运营助理实习生,150-1?0/天,辰舟电商
跨境电商运营实习生,150-300/天,欧格雅
视觉设计实习生(金融APP产品）实习生,120-200/天,人人贷
【2021届】客户经理（深圳）实习生,面议,富途网络
【实习】3d模型动画设计师实习生,200-250/天,战吼（BattleCry）
【2021届】中台运营（市场）实习生,面议,富途网络
【实习】游戏测试工程师实习生,200-250/天,战吼（BattleCry）
游戏策划【实习】实习生,200-250/天,战吼（BattleCry）
实习-游戏后台 C#/Python开发实习生,200-250/天,战吼（BattleCry）
游戏短视频制作/抖音运营（实习）实习生,200-250/天,战吼（BattleCry）
新媒体实习生,100-120/天,大罗马
【2021届】商务合作实习生,面议,富途网络
IT工程师实习生,?0-150/天,长城基金
人力资源实习生,100-120/天,览众科技
新媒体运营实习生,150-210/天,优必选
【2021届】安全技术工程师实习生,面议,富途网络
HR实习生,150-300/天,吉比特
助理研究员实习生,100-150/天,酷开网络
设计实习生,100-200/天,Insta360影石
社群运营内容支持实习生,100-120/天,腾讯教育
实习生（人力资源）实习生,100-200/天,前海亚讯
测试实习生,200-250/天,金证优智
人力实习生-深圳实习生,?0-100/天,探迹
21届校招-系统测试工程师实习生,面议,wesure微保
市场推广销售实习生,200-400/天,图灵视觉
产品销售实习生,150-250/天,图灵视觉
人力行政实习生,120-1?0/天,道乐科技
21届秋招-计算机视觉算法工程师实习生,面议,wesure微保
21届秋招-自然语言处理工程师实习生,面议,wesure微保
项目助理实习生,120-1?0/天,道乐科技
大客户销售实习生,150-200/天,牛客网
全栈开发实习生,200-300/天,麻瓜支付
内容运营实习生,150-200/天,三代人科技
大数据开发工程师-2021届秋招实习生,100-200/天,赛意信息
BI工程师-2021届秋招实习生,100-200/天,赛意信息
JAVA工程师-2021届实习生,100-200/天,赛意信息
运营实习生,150-200/天,孤岛科技
运营实习生（视频剪辑方向）实习生,150-200/天,孤岛科技
运营实习生（抖音、短视频拍摄方向）实习生,150-200/天,孤岛科技
社群运营实习生,150-150/天,稿定设计
给排水实习生,120-200/天,航天智慧城市研究院
区块链首席科学家实习生,150-250/天,云计算科技
数字化应用场景咨询师（高级/实习）实习生,150-300/天,云计算科技
运维工程师实习生,150-200/天,云计算科技
联邦学习算法工程师实习生,150-200/天,云计算科技
博士后研究员（数字经济、数据治理、数据安全）实习生,500-?00/天,云计算科技
博士后研究员（人工智能、联邦学习、区块链）实习生,500-1000/天,云计算科技
数字经济研究员实习生,200-300/天,云计算科技
高级算法工程师实习生,150-250/天,云计算科技
网络安全工程师实习生,150-200/天,云计算科技
智能化解决方案专家实习生,150-300/天,云计算科技
咨询顾问实习生,150-250/天,云计算科技
新媒体实习生,150-1?0/天,荔枝微课
运营客服实习生,120-1?0/天,荔枝微课
风控实习生,120-1?0/天,荔枝微课
社群运营实习生,120-150/天,荔枝微课
销售实习生,100-120/天,数位科技
数据匹配员实习生,100-150/天,途林科技
售后客服（英文）实习生,120-150/天,途林科技
平面设计实习生,100-150/天,智言科技
,150-150/天,法本信息
新媒体运营/文案编辑实习生,?0-100/天,Red Digital China
海外游戏视频设计实习生,100-150/天,字节跳动
海外游戏原画设计实习生,100-150/天,字节跳动
美妆短视频脚本编辑实习生,150-200/天,人生无限传媒
抖音短视频文案编导（美妆）实习生,150-200/天,人生无限传媒
达人运营实习生（潮流向）实习生,120-150/天,SHOCK
亚马逊运营助理（20届）实习生,150-1?0/天,嘉宁服饰
英语客服（20届毕业生）实习生,120-1?0/天,卡其兔贸易
英语客服（20届）实习生,150-1?0/天,嘉宁服饰
亚马逊运营助理（20届）实习生,150-1?0/天,卡其兔贸易
21届秋招-技术运营工程师实习生,面议,wesure微保
视频剪辑实习生J10472实习生,120-140/天,传易互联
AE实习生,?0-120/天,豌豆尖尖
视频创作实习生,100-120/天,金斧子
校招-游戏策划（深圳）(J10506)实习生,2?5-430/天,点触科技
运营实习生,100-120/天,创派联盟
潮流社群用户运营实习生,100-120/天,SHOCK休克
02运营实习生,150-200/天,百丽新零售
采购助理实习生,面议,一加科技
快时尚采购实习生,100-150/天,兰亭集势
游戏运营实习生,100-200/天,赤雨科技
游戏广告视频设计实习生,100-150/天,飞鱼科技
商务助理实习生,150-150/天,德科信息
,100-150/天,德科信息
培训助理实习生,150-200/天,德科信息
交付助理实习生,100-150/天,德科信息
运营助理实习生,100-150/天,麦克斯出国
医学内容审核实习生,50-100/天,澳鹏科技
网络工程师实习生,120-150/天,万国数据
法务实习生,1?0-300/天,吉比特
营销实习生,120-1?0/天,尚游游戏
2D原画实习生,120-1?0/天,尚游游戏
游戏视觉实习生,120-1?0/天,尚游游戏
网站编辑实习生,120-150/天,万兴科技
渠道实习生,150-250/天,安狗狗
剪辑实习生,150-250/天,安狗狗
运营实习生,150-250/天,安狗狗
UI设计实习生（移动端）实习生,150-250/天,安狗狗
行政人事实习生,150-250/天,安狗狗
UI设计实习生,150-250/天,安狗狗
软件测试实习生,150-250/天,安狗狗
PLM实施顾问实习生,120-200/天,鼎捷软件
新媒体运营实习生,100-120/天,亿幕
ERP实施顾问实习生,120-150/天,鼎捷软件
财务实施顾问实习生,120-150/天,鼎捷软件
客服专员实习生,200-200/天,多喜娃母婴
平面设计实习生,120-200/天,吉比特
,150-150/天,兰亭集势
短视频内容制作实习生,面议,美的电商
亚马逊运营助理实习生,200-300/天,亿世嘉和
外贸专员实习生,200-300/天,亿世嘉和
内容运营实习生,150-200/天,Atom intl
短视频实习生(编导)实习生,100-150/天,大自在文化
人力资源实习生,150-250/天,前海亚讯
市场策略实习生,100-200/天,极视角
测试实习生,200-250/天,货拉拉
视觉设计实习生,200-250/天,快手
开发者运营实习生,100-200/天,极视角
测试实习生,250-250/天,货拉拉
HR实习生（,150-150/天,SHEIN
审计专员实习生,120-1?0/天,华鹏咨询
设计实习生,100-150/天,Dexta Robotics
HRBP实习生,面议,百丽新零售
题库录入实习生,100-150/天,深圳宏途
粉丝增长运营实习生,150-1?0/天,量子云
内容运营实习生（视频方向）实习生,150-1?0/天,百丽
内容运营实习生,120-150/天,无觅科技
市场推广专员/助理实习生,150-200/天,深派企业管理
社群运营实习生,150-300/天,童天慧科技
商务拓展实习生,120-1?0/天,兰心书院
eBay运营助理实习生,150-1?0/天,辰舟电商
平面设计实习生,400-500/天,万泰达
品牌内容运营实习生,?0-120/天,豌豆尖尖
视频设计实习生,120-1?0/天,腾飞科技
英语培训实习生,150-150/天,Shopee
大数据后端实习生,200-300/天,货拉拉
测试实习工程师实习生,250-300/天,平安科技
基础架构实习生,300-400/天,SmartX
分布式存储实习生,300-400/天,SmartX
【2021届秋招】C++后台开发工程师实习生,面议,富途网络
【2021届秋招】运维工程师实习生,面议,富途网络
测试开发实习生,300-400/天,SmartX
分布式系统实习生,300-400/天,SmartX
Python软件工程师实习生,300-400/天,SmartX
Web 前端工程师实习生,300-400/天,SmartX
媒介实习生,100-150/天,舒可士
法务专员实习生,200-300/天,房讯通
新媒体运营实习生,120-150/天,法大大
视频编辑创作师实习生,120-200/天,小焙科技
人力,150-200/天,百丽新零售
综合助理实习生,150-300/天,贝尔信息
FP0514-软件测试实习生,500-1000/天,Bello智能
KQ3488-数据分析实习生,500-1000/天,Bello智能
内容策划实习生,120-150/天,超级猩猩
人力资源实习生,120-150/天,法大大
亚马逊客服专员（西班牙语）实习生,1?0-200/天,东方丝路
亚马逊客服专员（德语）实习生,1?0-200/天,东方丝路
Facebook推广助理实习生,1?0-1?0/天,东方丝路
广告设计实习生,150-200/天,AKULAKU
摄影摄像实习生,100-150/天,脚印传媒
后期剪辑实习生,120-150/天,脚印传媒
电子商务文员实习生,50-50/天,大罗地科技
财务实习生,150-150/天,货拉拉
测试工程师实习生,500-?00/天,联易融
客家语数据处理标注实习生,100-150/天,数据堂
设计实习生（校招项目）实习生,150-150/天,货拉拉
人事行政实习生,150-150/天,童天慧科技
摄影后期实习生,150-200/天,童天慧科技
渠道实习生,?0-150/天,众乐互娱
销售专员实习生,150-300/天,掌心宝贝
OM3662-软件测试实习生,300-300/天,Bello智能
新媒体实习生,150-1?0/天,荔枝微课
内容审核实习生,120-1?0/天,荔枝微课
运营客服实习生,120-1?0/天,荔枝微课
人力资源助理实习生,120-150/天,科荣软件
人力资源助理实习生,120-150/天,科荣软件
英语培训实习生,面议,Shopee
信息流优化师实习生,100-100/天,元素
短视频剪辑实习生,120-1?0/天,有品
人力资源实习生,1?0-200/天,吉刻联盟
深圳百丽-品牌销售员实习生,150-200/天,青团社
财务实习生,100-150/天,SDL
人力资源实习生,120-150/天,赛维网络
品牌实习生（视频，新媒体）实习生,150-200/天,优必选
AE实习生,100-150/天,花儿绽放
排版设计实习生,100-150/天,深圳宏途
,?0-100/天,信必优
UI设计实习生,面议,人人贷
信用研究员助理实习生,200-300/天,华鹏咨询
行业研究金融组实习生,200-300/天,华鹏咨询
,?0-120/天,文思海辉
助理C++开发工程师（Electron）实习生,150-250/天,麦风科技
助理IOS开发工程师实习生,150-250/天,麦风科技
助理PHP开发工程师实习生,150-250/天,麦风科技
网站运营助理（英语）实习生,150-250/天,麦风科技
视觉设计师（21届校招岗）实习生,1?0-250/天,乐信集团
AI工程师（21届校招岗）实习生,200-250/天,乐信集团
调试工程师实习生,100-120/天,瞳达
腾讯青腾大学视频制作实习生,100-120/天,腾讯
实习新闻编辑实习生,100-200/天,新浪乐居
采访专员实习生,100-150/天,新知青
新媒体运营实习生,100-120/天,数位科技
WEB前端开发工程师-2021届实习生,100-200/天,赛意信息
分子细胞实验员（实习生）实习生,150-200/天,昆仑医云
三维图像算法实习生,250-400/天,创壹科技
存储研发实习生,300-400/天,SenseTime商汤科技
摄影助理（实习生）实习生,120-150/天,妃鱼时尚
德语助理实习生,1?0-200/天,辰舟电商
客服实习生,100-120/天,数位科技
初级游戏策划实习生,100-200/天,赤雨科技
质量实习生,100-150/天,睿魔智能
项目部助理实习生,100-200/天,睿魔智能
游戏策划实习生,150-1?0/天,天天嗨玩
销售专员实习生,150-200/天,搜牛科技
储备干部实习生,100-200/天,搜牛科技
院校开发专员实习生,100-200/天,搜牛科技
前台接待实习生,100-120/天,东软
海外客服实习生,100-200/天,锦程物流网
,150-1?0/天,风变科技
运营助理实习生,150-1?0/天,量子云
新媒体运营实习生,150-1?0/天,量子云
【2021届秋招】测试工程师实习生,面议,富途网络
【2021届】客户端开发（Android/iOS/Mac/Windows实习生,面议,富途网络
,100-150/天,博彦科技
网站运营助理（意大利语）实习生,150-250/天,麦风科技
广告助理实习生,150-250/天,麦风科技
视频制作师实习生,150-250/天,麦风科技
新媒体运营助理实习生,150-250/天,麦风科技
网站运营助理（法语）实习生,150-250/天,麦风科技
海外推广助理实习生,150-250/天,麦风科技
客服助理实习生,150-250/天,麦风科技
UI设计师实习生,150-250/天,麦风科技
人事行政助理实习生,150-250/天,麦风科技
SEM优化师助理实习生,150-250/天,麦风科技
网站运营助理（日语）实习生,150-250/天,麦风科技
项目管理实习生,150-200/天,WeLab
HRBP实习生,120-1?0/天,蛋壳公寓
,120-1?0/天,法本信息
,100-150/天,普渡科技
机器人感知算法实习生,300-400/天,普渡科技
助理C++开发工程师(Qt)实习生,150-250/天,麦风科技
前端开发实习生,400-500/天,字节跳动
助理C++开发工程师(系统工具)实习生,150-250/天,麦风科技
校园负责人实习生,50-100/天,不出名科技
合同专员实习生,1?0-300/天,明源云
腾讯大学--短视频运营实习生,100-100/天,腾讯
新药项目调研研究员实习生,200-400/天,晶泰科技
软件测试实习生,100-150/天,浩鲸科技
销售助理实习生,120-150/天,几素科技
金融软件销售实习生,100-150/天,思迪信息
iOS 开发工程师实习生,100-150/天,云之家
音乐老师实习生,100-200/天,vipSing
日本站运营实习生,200-400/天,奥睿拓科技
项目专员（实习生）实习生,100-150/天,睿魔智能
亚马逊运营助理/专员实习生,300-400/天,桥溪
单片机软件工程师实习生,?0-150/天,比特安
智能控制与强化实习生,100-120/天,美的集团
市场实习生,150-200/天,追一科技
新媒体运营高级专员实习生,100-200/天,爱舒笑
短视频运营实习生,100-200/天,爱舒笑
短视频运营实习生,120-1?0/天,小雨伞
前端开发工程师-深圳(2021届)实习生,面议,SHEIN
运营助理实习生,150-200/天,增长超人
信息流广告视频编导实习生,150-200/天,尚游游戏
平面设计实习生,150-200/天,SHEIN
社群运营实习生,150-150/天,建信开太平
亚马逊运营专员实习生,200-250/天,EPC
亚马逊客服实习生,150-1?0/天,EPC
电商助理实习生,?0-100/天,大自在文化
运维实习生,200-300/天,追一科技
轨迹规划实习生,100-120/天,美的集团
人力资源实习生,100-100/天,世强元件电商
实习生（导演助理）实习生,150-150/天,DR
电商运营助理实习生,120-150/天,遨腾网络
腾讯游戏-雇主品牌设计实习生,100-150/天,腾讯
校园大使实习生,?0-120/天,玄武科技
法务实习生,120-150/天,超级猩猩
账号管理员实习生,150-250/天,翌客
英语客服实习生,1?0-250/天,翌客
运营专员实习生,150-200/天,翌客
python开发实习生,100-200/天,智言科技
DS7176-软件测试实习生,?00-1000/天,Bello智能
HG7649-软件测试实习生,?00-1000/天,Bello智能
软件开发实习生,150-200/天,SenseTime商汤科技
运营实习生（音乐）实习生,120-200/天,传易互联
运营实习生（阿拉伯语）实习生,120-200/天,传易互联
数据采集员（实习）实习生,100-100/天,绿米联创
建筑VR实习生,100-150/天,光辉城市
管理培训生实习生,50-100/天,印记云打印
视频设计实习生,200-200/天,顺丰科技
虚拟现实方向工程师（扩展现实研究中心）实习生,120-200/天,AIRS
平行操作方向工程师（扩展现实研究中心）实习生,120-200/天,AIRS
CEO助理实习/总助实习生,150-300/天,贝尔信息
行政前台实习生,200-250/天,麦风科技
商务助理实习生,120-150/天,萌布玩
安全与政府公共事务中心实习生,150-150/天,货拉拉
品牌文案策划实习生,200-400/天,云启星辰
新媒体运营实习生,150-300/天,云启星辰
跨境电商采购与物流实习生,100-1?0/天,深圳万木
运营实习生,120-150/天,美团摩拜单车
行政实习生,150-150/天,货拉拉
金融合作经理（实习）实习生,100-150/天,乐信集团
人力资源经理（实习）实习生,100-150/天,乐信集团
测试工程师（实习）实习生,100-150/天,乐信集团
前端实习生,200-400/天,云启星辰
后端工程师实习生,200-400/天,云启星辰
韩语电商平台运营实习生,250-400/天,前海恒鑫
HR实习生-大区实习生,150-200/天,货拉拉
客服实习生,1?0-200/天,嘉鸿
采购实习生,100-150/天,么么嗖
订单专员实习生,100-150/天,么么嗖
UI 实习生,120-200/天,墨齐科技
动画制作实习生,120-1?0/天,墨齐科技
DF6691-数据库开发实习生,500-?00/天,Bello智能
行政前台实习生,150-200/天,范特西
美术编辑实习生,100-150/天,新浪乐居
采购实习生,100-150/天,么么嗖
销售行政助理实习生,120-1?0/天,新浪乐居
销售支持（偏培训助理）实习生,100-200/天,小雨伞
足彩编辑实习生,?0-120/天,进球哨
文案编辑-财商教育实习生,150-200/天,墨智科技
测试工程师-2021届实习生,100-200/天,赛意信息
跨境英语客服实习生,100-200/天,鸿巨网络
实习设计师实习生,100-150/天,数字生命研究院
3D设计实习生,250-400/天,有咖互动
销售实习生,200-400/天,深圳贝宝
语音/在线客服实习生,1?0-200/天,展泰科技
网络销售实习生,200-400/天,无界DT
软件交付工程师J11469实习生,100-200/天,高新兴
市场营销实习生,150-300/天,博达智联科技
Lazada运营/lazada销售实习生,120-200/天,荟源网络
人力资源实习生,1?0-250/天,yidatec
会计助理实习生,100-120/天,云麦科技
销售顾问实习生,100-120/天,云麦科技
硬件工程师实习生,50-100/天,等效原理
行政实习生,120-120/天,街电科技
,150-200/天,嘉鸿
机器学习研究员（数据隐私安全方向）实习生,200-250/天,OPPO
销售实习生,100-120/天,易网通
电商运营助理实习生,120-150/天,超级猩猩
Golang研发工程师实习生,300-400/天,SmartX
搜狐绘画签约作者实习生,1-50/天,搜狐
客服实习生,250-400/天,玖元科技
前台接待实习生,250-300/天,玖元科技
总经理助理实习生,400-?00/天,玖元科技
客服经理实习生,400-?00/天,玖元科技
Facebook投放实习生,150-250/天,科思通
软件工程师 - 计算引擎实习生,300-500/天,SmartX
软件工程师 - 分布式系统管理平台实习生,300-500/天,SmartX
软件工程师 - 测试开发实习生,300-500/天,SmartX
护士实习生,1?0-250/天,先健互联网
康复理疗师实习生,1?0-250/天,先健互联网
健康管理师实习生,1?0-250/天,先健互联网
MBA产品实习生,150-200/天,贝尔信息
用户运营实习生,150-200/天,白熊求职
新媒体编辑实习生,150-200/天,白熊求职
软件销售实习生,1?0-250/天,ASINKING
品牌&新媒体运营实习生,100-150/天,Finance100
软件工程师（数据挖掘方向）实习生,500-1000/天,方大集团
初级程序员实习生,120-1?0/天,卓越集团
家教网销售客服实习生,150-300/天,家教说
21届-校园大使实习生,150-300/天,亚控科技
儿童乐园导购（销售）主管实习生,150-200/天,175STAR
亚马逊西班牙运营实习生,120-150/天,环高科技
新媒体运营实习（知乎渠道）实习生,?0-120/天,半撇私塾
新媒体运营（小红书渠道）实习生,?0-120/天,半撇私塾
21届运营实习生,120-150/天,龙视传媒
【2021届】产品经理（中后台）实习生,面议,富途网络
【2021届】产品运营实习生,面议,富途网络
算法工程师实习生,200-300/天,平安科技
客户经理助理实习生,100-1?0/天,华鹏咨询
数据标注实习生-深圳实习生,150-1?0/天,龙猫数据
销售运营实习生,100-1?0/天,一应科技
财务实习生,1?0-250/天,海信集团
HR实习生（,150-150/天,平安科技
内容/文案运营实习生,120-1?0/天,领寻
【2021届】产品经理（平台产品）实习生,面议,富途网络
电商运营实习生,120-1?0/天,华鹏咨询
产品实习生,150-250/天,云锋有鱼
潮流社群用户运营实习生,100-120/天,SHOCK
【2021届】增长产品运营实习生,面议,富途网络
实习产品经理实习生,100-200/天,得帆信息
增值服务运营实习生,面议,一加科技
广告投放实习生,150-1?0/天,创梦天地
战略项目助理实习生,100-1?0/天,华鹏咨询
编辑助理实习生,100-150/天,墨齐科技
销售实习生,100-150/天,欢聚集团
日语实习生,?0-120/天,Interact China
增长工具产品实习生,150-200/天,富途网络科技
游戏运营实习生,150-1?0/天,创梦天地
产品运营实习生,120-150/天,数位科技
【2021届】中台运营（TO B）实习生,面议,富途网络
广告策划实习生,?0-120/天,豌豆尖尖
运营实习生,150-1?0/天,货拉拉
AI产品实习生,120-200/天,优必选
Golang软件工程师实习生,300-400/天,SmartX
人力资源实习生,120-150/天,赛维网络
英语实习生,?0-120/天,Interact China
AI音乐制作方向实习生,200-300/天,平安科技
产品运营实习生,120-150/天,思迪信息
前端开发工程师实习生,500-?00/天,联易融
财税-财务助理实习生,?0-120/天,猪八戒
数据挖掘实习生,120-150/天,数位科技
采购管理实习生,100-150/天,蓝凌软件
UI设计师实习生,120-200/天,容联云通讯
腾讯投资孵化中心-实习投资分析师实习生,100-150/天,海南生态软件园
测试开发实习生,120-150/天,Shopee
研究助理实习生,120-1?0/天,华鹏咨询
资本市场部-财务方向实习生,100-200/天,三态股份
量化程序员（实习岗）实习生,?0-150/天,聚信投资
ebay产品开发助理实习生,150-200/天,辰舟电商
法语实习生,?0-120/天,Interact China
Java开发工程师实习生,200-200/天,多喜娃母婴
硬件测试工程师（实习）实习生,150-250/天,奥比中光
活动策划实习生（策展方向）实习生,120-150/天,腾讯
风控助理实习生,100-1?0/天,华鹏咨询
校园大使（全国）实习生,?0-150/天,绿盟科技
销售管培实习生,100-200/天,东软集团
PHP开发实习生,1?0-200/天,果酱君
,150-200/天,腾讯
数据分析实习生,120-150/天,数位科技
后端实习生工程师实习生,150-200/天,诺伊云
活动执行实习生,100-150/天,腾讯家居
软件工程师 - 分布式存储实习生,300-500/天,SmartX
行业销售经理J11834实习生,300-500/天,天融信科技集团
运营实习生,100-200/天,有伴科技
IT运维工程师实习生,300-500/天,锐明技术
腾讯音乐图像算法高级工程师（深圳）实习生,200-300/天,腾讯音乐
人力资源实习生,100-150/天,百丽新零售
Unity3d 工程师 (实习)实习生,200-250/天,战吼（BattleCry）
财务助理实习生,120-200/天,峰米科技
JAVA后端开发实习生,120-150/天,数位科技
嵌入式开发工程师实习生,200-300/天,普渡科技
实施工程师实习生,250-300/天,聚水潭
产品运营实习生-【快影】实习生,150-250/天,快手
机器人课程开发实习生,120-200/天,优必选
人力资源实习生,150-250/天,科思通
商务运营实习生,150-1?0/天,小熊博望
音频剪辑实习生,100-150/天,腾讯
web前端开发工程师实习生,200-200/天,多喜娃母婴
英语客服实习生,1?0-250/天,欧格雅
slam算法实习生,300-500/天,普渡科技
【2021届秋招】Web后台开发工程师实习生,面议,富途网络
21届秋招-Web前端开发工程师实习生,面议,wesure微保
客服实习生,100-200/天,苏宁易购
跨境电商B2C运营实习生,100-200/天,乐方居
亚马逊美国运营专员实习生,150-300/天,奥睿拓科技
后台开发工程师实习生,300-400/天,平安科技
数据治理实习生,120-150/天,巨灵财经
【2021届】数据挖掘工程师实习生,面议,富途网络
跨境电商运营助理实习生,120-150/天,爱丽莱
运营实习生,100-150/天,Tell
采编实习生,100-120/天,数位科技
产品经理实习生J10267实习生,100-150/天,研华科技
信息安全-实习生,250-250/天,货拉拉
短视频内容运营实习生,150-200/天,SenseTime商汤科技
海外运营（韩语/英语）实习生,150-200/天,腾飞科技
游戏策划实习生,200-300/天,点触科技
数据分析师实习生,120-1?0/天,华鹏咨询
市场推广实习生,?0-120/天,金蝶账无忧
内容运营实习生,100-110/天,金斧子
c++游戏开发实习生,250-500/天,谷游科技
外贸专员实习生,150-1?0/天,JAGOSEN
跨境电商运营岗实习生,150-1?0/天,JAGOSEN
跨境电商运营实习生,200-300/天,巨世科技
web前端开发实习生,150-200/天,Atom intl
行政人事助理实习生,150-300/天,研究会
用户运营（实习）实习生,100-200/天,Makeblock童心制物
校园大使实习生,?0-150/天,飞鱼科技
系统运维实习生,100-150/天,卓越集团
营销管培生实习生,300-400/天,花儿绽放
销售经理/销售主管实习生,?00-1000/天,艾科智能
设计师助理-实习生,120-200/天,墨齐科技
亚马逊运营实习生,150-300/天,浩方集团
嵌入式硬件开发实习生J10346实习生,100-150/天,研华科技
商业数据分析师实习生,200-300/天,华鹏咨询
百事通产品实习生,300-400/天,平安科技
美术内容编辑实习生（美术史方向）实习生,100-200/天,完美世界
腾讯学院新人培训实习生,50-100/天,腾讯
教育APP体验官实习生,50-100/天,拼说说深圳
助理Android开发工程师实习生,150-250/天,麦风科技
海外全平台流量运营助理实习生,100-200/天,妙为
前端开发工程师实习生,面议,容联云通讯
校园代理实习生,150-200/天,佐大狮
商务BD实习生,200-250/天,童天慧科技
自然语言处理实习生,150-1?0/天,智言科技
硬件实习生,200-300/天,英特尔
法务合规经理（实习）实习生,面议,乐信集团
数据治理实习生,200-300/天,货拉拉
测试工程师实习生,1?0-200/天,联软科技
软件测试实习生,120-200/天,优必选
HR实习生（人才发展方向）实习生,150-150/天,平安科技
GL9713-Java开发实习生,200-400/天,Bello智能
ugc产品实习生,300-400/天,平安科技
社区运营实习生,1?0-250/天,一加科技
游戏策划实习生,100-200/天,赤雨科技
社群运营实习生,150-1?0/天,荔枝微课
市场营销/市场推广实习生,150-300/天,博达智联科技
UI产品经理实习生,200-300/天,平安科技
产品运营实习生,100-200/天,麻瓜支付
管理培训生（线上增长方向）实习生,150-300/天,喜茶
产品经理实习生,面议,同学库
嵌入式助理工程师实习生,100-200/天,比特安
海外运营推广实习生,100-200/天,腾飞科技
法务实习生,120-150/天,超级猩猩
算法研究实习生,150-200/天,SenseTime商汤科技
新媒体运营实习生,200-200/天,多喜娃母婴
数据科学实习生,100-120/天,美的集团
人力资源实习生,150-150/天,字节跳动
运营实习生,100-100/天,来画视频
销售助理实习生,400-500/天,艾科智能
JAVA开发工程师实习生,120-200/天,容联云通讯
产品运营实习生,120-150/天,数位科技
Android 开发工程师实习生,?0-120/天,云之家
后期剪辑制作（王者荣耀）实习生,100-150/天,众乐互娱
产品经理实习-深圳（2021届）实习生,面议,SHEIN
财务实习生,120-120/天,慧科讯业
风控实习生,100-120/天,BLUE
售前工程师J11829实习生,300-500/天,天融信科技集团
外贸业务员（亚马逊精品运营）实习生,150-200/天,猿人创新
医学图像处理/深度学习实习生,100-120/天,深圳先进院
数据产品经理实习生,250-500/天,容联云通讯
助理前端开发工程师实习生,150-250/天,麦风科技
嵌入式硬件开发实习生J10293实习生,100-150/天,研华科技
亚马逊运营专员/助理实习生,150-250/天,浩方集团
初级web前端工程师实习生,200-300/天,思迪信息
校园大使实习生,50-100/天,比记
渠道销售经理J11835实习生,300-500/天,天融信科技集团
游戏关卡策划实习生,250-400/天,谷游科技
深圳-,120-150/天,CMGE中手游
人力资源实习生（外包管理方向）实习生,200-200/天,顺丰科技
嵌入式软件工程师实习生,200-300/天,信必优
Android应用开发实习生J10243实习生,150-300/天,传易互联
在线书法点评老师实习生,150-200/天,作业帮
内容审核实习生,150-1?0/天,荔枝微课
运营助理实习生,100-200/天,乐帝网络
HRBP（,150-200/天,百丽新零售
社群运营实习生,100-1?0/天,荔枝微课
HRBP实习生,150-200/天,字节跳动
销售助理（电话营销）实习生,100-150/天,华颐智能
社群运营实习生,200-400/天,微聚美
校园大使实习生,?0-120/天,百川安防
产品经理实习生,200-300/天,平安科技
企划实习生,150-1?0/天,丰巢科技
行业产品经理实习生,120-200/天,容联云通讯
爬虫实习生,150-200/天,慧科讯业
广告投放实习生,150-200/天,AKULAKU
实习研究员实习生,200-250/天,优必选
可穿戴海外软件产品经理实习生,150-250/天,OPPO
大数据产品实习生,200-300/天,货拉拉
后端开发实习生,400-500/天,字节跳动
设计实习生,100-200/天,腾讯
售后工程师J11831实习生,300-500/天,天融信科技集团
测试实习生,150-250/天,云锋有鱼
线上KOL推广策划直播和实习(远程)实习生,?0-100/天,Red Digital China
电商实习生,150-1?0/天,丰巢科技
安全合规工程师实习生,200-300/天,平安科技
算法策略实习生,120-150/天,百度
前端开发工程师(2021届实习)-深圳实习生,面议,SHEIN
人力实习生,100-150/天,天源迪科
人力资源实习生,120-150/天,CMGE中手游
产品经理 实习生,120-200/天,容联云通讯
亚马逊产品专员实习生,300-400/天,桥溪
,120-1?0/天,乐信集团
人工智能产品经理实习生,200-300/天,平安科技
客户端开发（C/C++/Java/Kotlin/Objective-C/Swift/Python）实习生,面议,富途网络
AI音乐UI实习生,200-300/天,平安科技
儿童教育插画助理设计师实习生,100-150/天,腾讯
AI音乐音频信息处理方向实习生,200-300/天,平安科技
C++研发工程师实习生,300-400/天,SmartX
市场运营实习生,150-250/天,ONES复临科技
HR实习生,面议,同学库
C++开发工程师（实习生）实习生,1?0-200/天,卓智达科技
用户运营实习生（快影）实习生,150-200/天,快手
产品经理-实习生,120-200/天,墨齐科技
招商助理（实习生）实习生,150-150/天,平安科技
设计实习生,200-200/天,顺丰科技
跨境电商运营助理实习生,150-300/天,浩方集团
用户体验实习生（文案方向）实习生,150-200/天,AKULAKU
Python开发工程师J11819实习生,300-500/天,天融信科技集团
德语（运营管培生）实习生,100-200/天,浩方集团
运维开发实习生,150-250/天,云锋有鱼
IOS开发工程师（2021年）实习生,150-200/天,卡牛科技
前端开发工程师-深圳（2021届）实习生,300-500/天,斯达领科
广告运营实习生,150-200/天,JIGUANG极光
商务助理实习生,200-400/天,明源云
新媒体运营实习生,100-150/天,MenXlab
新媒体编辑实习生,?0-150/天,指尖
Web开发工程师实习生,200-400/天,平安科技
广告审核实习生,120-200/天,京东
设计实习生,150-200/天,云锋有鱼
设计实习生,200-200/天,顺丰科技
跨境电商运营实习生,150-250/天,科思通
怡安翰威特-高管薪酬与公司治理实习生,100-120/天,实习僧内推小助手
资金专员实习生,100-150/天,金蝶
测试开发工程师-2021校招-AIDC实习生,面议,SHEIN
广告创意策划实习生,150-200/天,范特西
运营助理（实习生）实习生,150-150/天,平安科技
财务实习生,150-150/天,货拉拉
游戏运营策划实习生,150-300/天,范特西
移动应用平台部-产品策划助理实习生,100-120/天,腾讯
会展执行/会展策划实习生,120-200/天,脚印传媒
见习研究员（智慧交通）实习生,300-400/天,SenseTime商汤科技
前端开发（实习）实习生,150-250/天,云锋有鱼
财务实习生（清结算方向）J10390实习生,130-150/天,传易互联
法务实习生,150-200/天,JIGUANG极光
跨境电商助理实习生,120-150/天,爱丽莱
平台产品经理实习生,250-500/天,容联云通讯
市场实习生-深圳实习生,150-200/天,商汤科技
,150-200/天,博彦科技
人力资源实习生,150-150/天,货拉拉
嵌入式软件工程师--Linux BSP方向J10290实习生,100-150/天,研华科技
电商销售实习生,150-200/天,乐帝网络
互联网项目运营实习生,100-200/天,PM.School
销售代表实习生,150-200/天,乐帝网络
游戏运营实习生,1?0-250/天,战吼（BattleCry）
市场运营实习生,150-200/天,快手
助理测试工程师实习生,150-200/天,麦风科技
Java开发工程师(RCTD1)实习生,面议,数码星空
FOF量化研究实习生,120-150/天,思迪信息
运营实习生（版权）J10439实习生,140-200/天,传易互联
游戏视频后期剪辑实习生,120-200/天,7477游戏
企业文化实习生,150-200/天,珍爱网
数据运营实习生J10443实习生,140-200/天,传易互联
用户研究工程师实习生,面议,SHEIN
达人运营实习生（潮流向）实习生,120-150/天,SHOCK
算法工程师实习生,200-400/天,智融信达
剧情策划实习生,150-200/天,乐元素
用户运营实习生（快影）实习生,150-200/天,快手
区块链工程师实习生,300-500/天,云计算科技
亚马逊运营助理实习生,100-200/天,浩方集团
web前端开发实习生J10299实习生,100-150/天,研华科技
海外用户运营实习生,150-200/天,果酱君
英语老师实习生,100-150/天,魔力学院
前端工程师（21校招）实习生,1?0-250/天,乐信集团
产品助理实习生,120-200/天,容联云通讯
云平台开发工程师（校招）J11806实习生,300-500/天,天融信科技集团
Java开发实习生,150-200/天,商汤科技
推荐算法实习生（深圳）实习生,150-250/天,OPPO
电商运营实习生（苏宁）实习生,150-200/天,一加科技
python爬虫开发实习生,120-150/天,慧科讯业
线上营销实习生（2020届优先）J10268实习生,100-150/天,研华科技
一加校园大使实习生,面议,一加科技
海外市场拓展实习生,?0-120/天,OutdoorMaster
行政文秘实习生,200-400/天,青团社
数据产品实习生,150-150/天,SHEIN
营销总经理助理（销售工程师方向）实习生,?0-100/天,云之家
视频制作实习生,150-210/天,优必选
运营实习生（阿拉伯语）J10352实习生,140-200/天,传易互联
运维工程师实习生,150-200/天,华策辉弘
总经理秘书实习生,400-?00/天,玖元科技
技术支持实习生,?0-120/天,金蝶软件
SP 产品实习生,120-150/天,Shopee
产品经理实习-深圳(2021届)实习生,面议,SHEIN
机器学习研究员（图谱与图计算方向）实习生,200-250/天,OPPO
跨境电商运营实习生,150-200/天,AKULAKU
校园大使实习生,0-50/天,货拉拉
视频剪辑实习生,?0-100/天,数字动能
校园大使实习生,100-100/天,小丑鱼
企业文化专员实习生,150-250/天,珍爱网
,150-1?0/天,创梦天地
Python运维实习生,100-150/天,衍盛中国
校园推广实习生,?0-150/天,享换机
品牌策划实习生,100-150/天,企鹅杏仁医疗集团
运营客服实习生,150-1?0/天,荔枝微课
搜狐四坑签约作者实习生,面议,搜狐
产品助理实习生,150-200/天,中博网络
实习生（web前端开发）实习生,150-250/天,人人贷
腾讯课堂产品运营实习生,100-150/天,腾讯
内容运营实习生,150-200/天,墨智科技
运营实习生,100-120/天,腾讯教育
腾讯青腾大学视觉设计实习生,100-120/天,腾讯
插画漫画手绘设计师实习生,150-300/天,知米英语
淘宝编辑实习生,50-100/天,羊寻电商
德语编辑实习生,0-50/天,Mbyte
企业文化专员实习生,120-200/天,京东
腾讯-计算机视觉和深度学习实习生,200-300/天,实习僧内推小助手
ERP软件销售代表实习生,120-150/天,鼎泽科技
Android/IOS开发实习生,250-300/天,即构科技
机器人产品测试实习生,200-300/天,平安科技
产品开发专员实习生,250-300/天,刀刀电子商务
HR实习生（,150-200/天,旷视科技
风险策略经理（实习）实习生,200-250/天,乐信集团
go开发工程师实习生,100-200/天,惠群商业数据
人力资源实习生,100-200/天,苏宁易购
视频账号内容运营实习生,100-150/天,腾讯
项目助理（实习生）实习生,100-150/天,酷开网络
cocos-creator初级开发工程师实习生,200-300/天,大头文化
销售实习生(全国）实习生,150-1?0/天,云和恩墨
商机拓展实习生J10302实习生,100-150/天,研华科技
产品开发助理实习生,250-300/天,刀刀电子商务
测试实习生,150-250/天,开源中国/码云
创新项目流量运营（用户增长）实习生,100-120/天,腾讯
弘毅投资-数字化项目助理实习生,100-200/天,实习僧内推小助手
咨询顾问实习生,150-200/天,国双科技
销售团队运营实习生,200-250/天,英特尔
校招实习生,150-200/天,学而思网校
小世界内容运营实习生,100-120/天,腾讯
JAVA开发工程师-深圳（2021届）实习生,300-500/天,斯达领科
项目事务助理（实习生）实习生,100-150/天,酷开网络
腾讯信息流产品UI设计师实习生,100-150/天,腾讯
腾讯企鹅辅导产品运营（偏内容）实习生,120-120/天,腾讯
网络安全实习生,200-400/天,智联慧通
财务实习生,100-150/天,蓝凌软件
C++游戏开发工程师实习生,150-250/天,侠之谷
新媒体运营实习生,150-200/天,滴滴优点
万词王校园大使实习生,面议,完美世界
Java开发实习生,120-200/天,大管加
前端开发实习生,250-400/天,牛客网
AI图像视频处理实习生,300-400/天,即构科技
人力资源实习生（,150-200/天,AKULAKU
用户运营实习生,150-1?0/天,创梦天地
QQ音乐商业化WEB实习生,150-200/天,腾讯音乐
媒介执行实习生,100-1?0/天,数池科技
前端开发实习生,120-1?0/天,小恩爱
C++初级开发工程师实习生,200-300/天,大头文化
实习生（产品）实习生,150-200/天,人人贷
校园大使实习生,100-1?0/天,虎扑
游戏测试实习生,100-150/天,威尔云
管理培训生实习生,200-400/天,龙创传媒
,150-150/天,Shopee
产品运营实习生（金融）实习生,150-200/天,AKULAKU
前端开发实习生,150-150/天,Shopee
golang开发实习生（IRDC）实习生,250-400/天,SenseTime商汤科技
用户运营实习生,200-200/天,滴滴优点
编辑实习生,100-120/天,量子云
怡安翰威特-绩效与薪酬管理咨询实习生,100-120/天,实习僧内推小助手
编程课程实习生,100-200/天,中科院软件所
社群运营实习生,100-100/天,三代人科技
搜狐番剧签约作者实习生,面议,搜狐
音乐内容编辑实习生,150-200/天,完美世界
UI设计师实习生,200-300/天,平安科技
CEO助理实习生,100-1?0/天,Finance100
企业级信息化助理实施顾问实习生,150-150/天,广联达
产品助理实习生,150-250/天,麦风科技
安全运维工程师J11820实习生,300-500/天,天融信科技集团
技术支持实习生,150-200/天,即构科技
[物联安防技术] 三维人脸算法工程师实习生,?0-150/天,中科龙智
Java开发工程师-深圳（2021届）实习生,面议,SHEIN
golang服务器开发实习生,100-200/天,心智矩阵
搜狐游戏签约作者实习生,面议,搜狐
数据分析师-深圳(2021届)实习生,面议,SHEIN
C++游戏服务器开发实习生,150-250/天,十方时空
海外社区运营实习生,100-200/天,么么嗖
创作人运营实习生,150-150/天,Faceu
内容运营助理实习生,120-1?0/天,量子云
Amazon亚马逊助理实习生,100-200/天,浩方集团
unity游戏业务开发实习生,200-300/天,侠之谷
校园经纪人实习生,100-200/天,人人网
企业端大客户经理（深圳）实习生,100-1?0/天,牛客网
知识产权岗（实习）实习生,200-300/天,平安科技
科技自媒体内容编辑实习生,150-300/天,秋水笔弹
交互设计师（21校招）实习生,1?0-250/天,乐信集团
产品市场实习生J10275实习生,100-150/天,研华科技
unity引擎开发工程师实习生,200-300/天,侠之谷
英语翻译实习生,200-300/天,软通动力
博士研究实习生,300-400/天,前海创新研究院
行政实习生,100-120/天,深圳欧依云
,120-150/天,德科信息
,150-200/天,浩方集团
shopee运营实习生,100-150/天,浩方集团
人力资源实习生J10257实习生,100-200/天,传易互联
会计实习生,100-120/天,海云天科技
客服实习生,100-100/天,大罗马
[车影像技术] OpenGL ES开发工程师 (实习生)实习生,?0-150/天,中科龙智
[医疗AI技术] 心电算法工程师实习生,?0-120/天,中科龙智
[工业视觉技术]  无损检测UDT AI 算法实习生,?0-120/天,中科龙智
[医疗AI技术] 人工智能ECG心电图工程师（实习生）实习生,?0-150/天,中科龙智
[医疗AI技术] 心电 AI 诊断算法实习生,?0-120/天,中科龙智
德语客服实习生,250-300/天,恒之易
实习编导/后期制作实习生,150-200/天,嘉为科技
媒介实习生,100-110/天,腾讯家居
后期制作实习生,120-150/天,众乐互娱
储备干部实习生,面议,跃科达
[无人系统技术]  超声声学工程师（实习生）实习生,?0-150/天,中科龙智
[通用AI方向] 财务行政专员（实习生）实习生,50-100/天,中科龙智
[车影像技术] 导航定位算法工程师 (实习生)实习生,?0-150/天,中科龙智
[物流AGV方向] 激光SLAM算法工程师（实习生）实习生,100-150/天,中科龙智
[辅助驾驶方向] ADAS仿真测试工程师 (实习生)实习生,100-150/天,中科龙智
[通用AI技术] 计算机图形学算法研究员 （实习生）实习生,?0-150/天,中科龙智
[无人系统技术] 雷达水声通信工程师（实习生）实习生,?0-150/天,中科龙智
[物流AGV方向] 激光雷达感知算法工程师(实习生)实习生,100-150/天,中科龙智
IT技术支持实习生,100-150/天,Finance100
业务拓展实习生,100-150/天,Finance100
创意设计实习生,100-150/天,Finance100
[通用AI方向] 红外测温算法工程师（实习生）实习生,?0-150/天,中科龙智
销售代表实习生,150-250/天,众博企业服务
销售顾问实习生,150-250/天,众博企业服务
管培生（Amazon美国运营岗）实习生,1?0-250/天,浩方集团
信息技术岗实习生,150-1?0/天,前海再保险
Web前端开发实习生,150-250/天,道乐科技
u3d游戏前端开发实习生,120-200/天,十方时空
腾讯信息流产品-创意运营设计师实习生,100-150/天,腾讯
销售助理实习生,100-150/天,陈列共和
培训发展实习生,150-200/天,SenseTime商汤科技
培训助理（21届实习）实习生,150-150/天,德科信息
java开发实习生,100-150/天,星耀蓝图
短视频音乐运营实习生,100-150/天,腾讯
通信实习生(全国)实习生,?0-150/天,华苏科技
用户运营实习生,100-200/天,金蝶
腾讯应用宝市场实习生,100-120/天,腾讯
[AGV导航技术] SLAM算法研究员(实习生)实习生,?0-150/天,中科龙智
市场助理实习生,150-200/天,领聚LinkJoint
用户运营实习生,100-200/天,金蝶
会计实习生,150-250/天,KLOOK客路旅行
执行策划实习生,150-1?0/天,创梦天地
SNS营销专员意大利语(2017/2018海归应届生)实习生,200-300/天,兰亭集势
怡安翰威特-金融行业（McLagan）项目实习生,100-120/天,实习僧内推小助手
财务实习生J10114实习生,140-200/天,传易互联
设备维护工程师实习生,100-150/天,高新现代
,200-300/天,美团点评
数据挖掘工程师（21届校招岗）实习生,1?0-250/天,乐信集团
产品助理实习生,150-210/天,优必选
管培生（产品方向）实习生,200-300/天,刀刀电子商务
C++开发实习生,200-400/天,智融信达
Java开发工程师（实习生）实习生,1?0-200/天,卓智达科技
助理研究员实习生,500-?00/天,舒糖
旅行目的地编辑实习生,100-120/天,桔子爱豆
财务经理（实习）实习生,120-1?0/天,乐信集团
视频设计实习生（深圳）实习生,1?0-300/天,吉比特
关卡策划实习生,150-1?0/天,创梦天地
搜索算法实习生,150-200/天,腾讯
管理会计实习生,?0-100/天,金蝶
用户运营实习生,150-200/天,一加科技
硬件工程师实习生,150-200/天,睿魔智能
PMO项目助理实习生,150-150/天,埃森哲
新媒体运营实习生,120-150/天,超级猩猩
腾讯科技课程实习生,120-150/天,腾讯
运营管培生/英语实习生,100-1?0/天,浩方集团
Web前端开发实习生,120-200/天,大管加
人力资源实习生,100-150/天,小米
海外推广助理/专员实习生,100-200/天,浩方集团
直播电商运营经理实习生,100-120/天,腾讯
税务实习生,?0-100/天,金蝶
视频设计实习生J10409实习生,140-200/天,传易互联
法语销售/助理实习生,200-250/天,恒之易
文案编辑实习生（淘宝数码类）实习生,50-100/天,羊寻电商
测试实习生,面议,不出名科技
安全服务工程师J11822实习生,300-500/天,天融信科技集团
[工业视觉技术] 3D 视觉产品应用工程师（实习生）实习生,?0-150/天,中科龙智
运营实习生（音乐）J10351实习生,140-200/天,传易互联
人力资源实习生J10079实习生,140-200/天,传易互联
新媒体运营实习生（2021届）实习生,150-200/天,卡牛科技
腾讯企鹅辅导产品运营（偏内容）实习生,120-150/天,腾讯
短视频制作实习生,120-150/天,小爱灵动
财务实习生,150-300/天,吉比特
产品运营经理（21届校招岗）实习生,1?0-250/天,乐信集团
前端实习生,150-250/天,新分享
产品运营实习生,100-200/天,金蝶
2021秋招校园大使实习生,面议,CVTE
SLAM算法实习生（导航组）实习生,120-1?0/天,盈合机器人
腾讯投资者关系与国际传讯部分析组实习生,200-200/天,腾讯
搜狐二次元签约作者实习生,1-50/天,搜狐
视觉设计师实习生,?0-150/天,凯吉特
编导实习生,120-150/天,超级猩猩
海外市场增长实习生,150-200/天,AKULAKU
产品策划经理（21届校招岗）实习生,面议,乐信集团
视觉设计实习生,100-150/天,云之家
Flash开发实习生,200-300/天,深为软件科技
数据采集实习生,150-200/天,Gshopper
数据智能方向实习生,100-120/天,万科集团
HR实习生（深圳）实习生,150-150/天,字节跳动
计算机视觉AI算法实习生,150-200/天,TCL研究院
阿里巴巴国际站外贸运营实习生,200-400/天,瑞华年
渗透测试工程师J11824实习生,300-500/天,天融信科技集团
渗透测试工程师(J11635)实习生,150-250/天,天融信科技集团
校园渠道拓展实习生,100-150/天,腾讯
软件实习生,100-150/天,东软医疗IT事业部
设计实习生,100-150/天,兰亭集势
人力资源实习生,150-150/天,字节跳动
游戏剧情策划实习生,120-200/天,十方时空
[物流AGV方向] 机器人算法工程师（实习生）实习生,?0-150/天,中科龙智
[通用AI方向] 移动机器人高精定位算法工程师（实习生）实习生,100-150/天,中科龙智
前端开发实习生,200-300/天,互想科技
市场专员实习生,200-400/天,阿宝众推
考研资料IP运营实习生,面议,学而思网校
运营策略实习生,150-200/天,滴滴
国信证券-社服行业实习生,100-200/天,实习僧内推小助手
医学咨询顾问实习生,150-1?0/天,东软望海
01运营实习生,150-1?0/天,百丽
视觉设计师实习生,150-250/天,京东
计算机视觉工程师（扩展现实研究中心）实习生,120-200/天,AIRS
算法工程师（实习）实习生,200-250/天,升幂科技
游戏运营实习生,200-300/天,吉比特
信息分析师（实习生）实习生,200-300/天,平安科技
自然语言处理工程师实习生,150-200/天,云计算科技
Python研发工程师实习生,300-400/天,SmartX
设计师实习生,50-100/天,滴滴优点
腾讯音乐移动端计算机视觉算法工程师实习生,200-300/天,腾讯音乐
西班牙语销售/助理实习生,200-300/天,恒之易
产品运营实习生,100-200/天,金蝶
游戏运营助理实习生,150-300/天,阿米法尔
搜狐小说签约作者实习生,面议,搜狐
腾讯云国际业务-产品运营实习生,150-200/天,腾讯
测试实习生,200-250/天,即构科技
运营实习生,50-100/天,瑞坦科技
一点英语内容甄选官实习生,?0-150/天,无觅科技
[车影像技术] 雷达信号处理工程师 (实习生)实习生,?0-150/天,中科龙智
[辅助驾驶方向] 自动驾驶控制工程师 （实习生）实习生,100-150/天,中科龙智
[辅助驾驶方向] 毫米波雷达感知算法工程师(实习)实习生,?0-150/天,中科龙智
[AGV导航技术] 激光slam算法工程师 (实习生)实习生,?0-150/天,中科龙智
市场推广助理（传播方向）实习生,?0-120/天,金蝶
社群运营实习生,?0-100/天,数字动能
2D计算机视觉实习生,100-120/天,美的集团
前端实习生,100-150/天,用友金融
跨境电商管培生实习生,150-300/天,浩方集团
游戏运营实习生,150-150/天,小爱灵动
商品运营实习生,1?0-200/天,美团点评
行政人事实习生,100-150/天,云计算科技
后台工程师（Java）21校招实习生,1?0-250/天,乐信集团
产品社区运营实习生,150-200/天,富途网络科技
商务助理实习生,200-300/天,UCG
算法产品实习生,150-200/天,贝尔信息
跨境电商B2C运营实习生,100-150/天,庸轼科技
搜狐游戏签约作者实习生,面议,搜狐
腾讯PCG创新产品品牌营销实习生,?0-100/天,腾讯
人力资源实习生（,150-200/天,腾讯
业务运营实习生,150-200/天,SenseTime商汤科技
算法研究员实习生(OpenMMlab)实习生,250-300/天,SenseTime商汤科技
搜狐二次元签约作者实习生,1-50/天,搜狐
腾讯乐享内部社区日常运营实习生,200-400/天,腾讯
商务助理/互联网商务专员实习生,100-200/天,浩方集团
搜狐四坑签约作者实习生,面议,搜狐
[车影像技术] 高精度视觉定位算法工程师（实习）实习生,?0-150/天,中科龙智
[通用AI技术] 算法研发工程师（实习生）实习生,?0-150/天,中科龙智
分布式平台开发实习生,250-400/天,SenseTime商汤科技
运营专员实习生,100-150/天,充电了么
行政实习生,200-200/天,顺丰科技
ID设计师实习生,200-400/天,智联慧通
金融项目助理实习生（证券方向）实习生,100-150/天,金斧子
机器视觉实习生,120-150/天,海康威视
英语客服实习生,200-250/天,恒之易
视觉设计实习生,100-100/天,腾讯
IT技术支持实习生,250-400/天,智联慧通
安卓/IOS开发实习生,200-300/天,平安科技
安卓app开发实习生,150-300/天,深算纪元
Android实习生,100-150/天,大管加
市场专员实习生,100-200/天,大管加
腾讯HR,100-150/天,腾讯
HR 实习生,150-200/天,SenseTime商汤科技
腾讯游戏运营实习生（内容运营向）实习生,100-150/天,腾讯
[无人系统技术] 水下机器人工程师（实习生）实习生,?0-150/天,中科龙智
理财师实习生,100-120/天,宜信财富
python后端工程师实习生,150-200/天,云计算科技
HR实习生,150-200/天,人人网
部门运营实习生,150-200/天,SenseTime商汤科技
搜狐番剧签约作者实习生,面议,搜狐
电商客服实习生,100-200/天,味BACK
腾讯文档产品运营实习生,100-120/天,腾讯
Java开发实习生,1?0-200/天,Atom intl
葡萄牙语客服（实习生）实习生,50-100/天,掌中文化
推广运营实习生,120-200/天,富途网络
前端工程师实习生,200-200/天,滴滴优点
产品经理实习生,?0-150/天,数字动能
数据运营实习生,120-150/天,明略科技集团
编辑运营实习生（时尚种草类）实习生,100-120/天,量子云
新媒体运营专员（2020年应届本科生）实习生,100-200/天,苏宁易购
市场部经理实习生,120-200/天,云计算科技
后端开发工程师（实习）实习生,100-200/天,云计算科技
[车影像技术] 超声波雷达算法工程师(实习生)实习生,?0-150/天,中科龙智
[物联安防技术] OCR算法研究员（实习生）实习生,?0-150/天,中科龙智
[车影像技术] 计算机视觉算法工程师(实习生)实习生,?0-150/天,中科龙智
一创投行-投资银行部-项目实习生,100-200/天,实习僧内推小助手
Python 后台开发实习生,200-200/天,微基因
C/C++实习生（短视频）J10417实习生,140-2?0/天,传易互联
游戏推广员实习生,0-50/天,君阅
[AGV导航技术] SLAM轨迹算法工程师（实习生）实习生,?0-150/天,中科龙智
腾讯应用宝市场实习生(短视频方向)实习生,100-120/天,腾讯
游戏策划实习生,100-200/天,迷你玩
雇主品牌设计实习生,120-150/天,腾讯
软件项目助理（21届-深圳）实习生,?0-150/天,华资软件
设计实习生,200-200/天,顺丰科技
课程策划实习生,150-200/天,白熊求职
C#开发工程师实习生,100-150/天,达实智能
新媒体运营实习生,150-1?0/天,领聚LinkJoint
搜狐绘画签约作者实习生,1-50/天,搜狐
天猫官旗运营实习生（天猫团队）实习生,120-1?0/天,realme
海外社区运营实习生,150-200/天,富途网络
销售运营分析员实习生,面议,英特尔
产品经理实习生 - 测评(6SH1)实习生,1?0-300/天,数码星空
政府事务实习生（深圳）实习生,150-200/天,滴滴
云平台开发实习生,200-250/天,深算纪元
人力资源实习生,100-120/天,兰亭集势
机器学习工程师实习生,100-150/天,云计算科技
会员产品运营实习生,100-120/天,腾讯
视频采编实习生,100-150/天,新知青
爱奇艺泡泡实习生（电视剧）实习生,1-50/天,爱奇艺
运营助理实习生,?6-153/天,味BACK
人事行政实习生,100-150/天,中国人才热线
推荐算法工程师实习生,100-120/天,拼说说深圳
直播产品运营实习生,100-150/天,腾讯
腾讯互娱,100-100/天,腾讯
金融岗位实习生,150-200/天,人人网
iOS开发实习生,100-150/天,云巴
GTM与销售管理实习生,150-1?0/天,realme
分析师实习生,100-150/天,人人网
[无人系统方向] 环境构建工程师（实习生）实习生,100-150/天,中科龙智
物流助理岗实习生,1?0-200/天,正全鑫科技
[物联安防技术] 人脸识别算法工程师（实习生）实习生,?0-150/天,中科龙智
电影编辑/内容编辑实习生,150-200/天,蓝果网络
市场实习生,100-150/天,欢聚集团
平面设计实习生,100-200/天,大管加
英文资源工程师实习生,100-200/天,科大讯飞
网络授课讲师-少儿文学思维在线实习生,150-200/天,摩恩科技
线上社群运营实习生,1-2/天,蓝船出海
BD专员实习生,200-300/天,美菜网
腾讯企鹅辅导社群运营实习生,120-150/天,腾讯
产品策划实习生,100-120/天,腾讯
云端信息录入员实习生,10-20/天,汇流
嵌入式X86技术支持实习生J10292实习生,100-150/天,研华科技
品牌实习生,?0-120/天,味BACK
前端开发工程师实习生,150-1?0/天,景斗云
实习生（投资研究）实习生,150-250/天,人人贷
数据开发实习生,200-300/天,JIGUANG极光
人事行政实习生,200-250/天,乐有家
行政实习生,100-200/天,十方时空
产品助理实习生,150-200/天,人人网
平台运营实习（中繁/英语）实习生,100-150/天,威锋网
线上翻译运营（手游&电商）实习生,面议,蓝船出海
视觉设计师实习生,150-150/天,腾讯
营销策划实习生,120-1?0/天,realme
战略分析实习生,120-150/天,Shopee
[通用AI技术] 通用目标检测算法工程师(实习生)实习生,?0-150/天,中科龙智
数据研究实习生,?0-100/天,飞笛资讯
实习生（算法开发）实习生,1?0-300/天,舒糖
产品运营实习生,100-150/天,多保科技
腾讯用户产品运营（实习生）实习生,100-120/天,腾讯
海外增长运营实习生,150-200/天,稿定设计
直播运营策划实习生,150-200/天,百丽新零售
爱奇艺泡泡实习生（日韩）实习生,0-50/天,爱奇艺
网文编辑实习生,150-300/天,深算纪元
[物联安防技术] 双摄图像算法工程师（实习生）实习生,?0-150/天,中科龙智
自媒体文案编辑员实习生,100-100/天,飞鸟文化传媒
数据分析实习生,120-1?0/天,小雨伞
[系统应用技术] AI 摄像头图像调校工程师（实习生）实习生,?0-100/天,中科龙智
腾讯课堂―IT教育内容运营实习生,100-150/天,腾讯
实习研究员实习生,250-300/天,舒糖
新媒体运营实习生,0-50/天,校园好地产
人力资源实习生-,100-150/天,腾讯
腾讯企鹅辅导内容运营策划（偏内容）实习生,100-150/天,腾讯
品牌营销实习生,120-150/天,金蝶
产品运营实习生-【快影】实习生,150-200/天,快手
校园渠道远程实习生,0-50/天,搜狐
Android实习生,150-300/天,00DATA
[车影像技术] 计算机视觉算法工程师（实习生）实习生,?0-150/天,中科龙智
英语技术支持实习生,150-200/天,软通动力
软件实施实习生,120-150/天,东软望海
销售管培生_2021届实习生,150-200/天,亚信安全
储备干部实习生,200-300/天,美菜网
后台开发工程师实习生,300-400/天,平安科技
线上金融科技出海公众号运营实习生,面议,蓝船出海
[无人系统技术] 相机软件工程师(实习生)实习生,?0-150/天,中科龙智
算法实习生,200-250/天,深算纪元
实习软件工程师实习生,200-400/天,智联慧通
C#开发实习生,100-200/天,Dabit
测试实习生（多平台）实习生,150-200/天,威锋网
UI设计实习生,120-150/天,孤岛科技
[通用AI技术] 机器学习研发C++工程师（实习生）实习生,?0-150/天,中科龙智
凯丰投资-交易管理实习生,150-1?0/天,实习僧内推小助手
渠道运营助理实习生,?0-120/天,金蝶
线上跨境电商公众号运营实习生,面议,蓝船出海
app界面设计实习生,250-400/天,智联慧通
人力资源,150-150/天,Shopee
人工智能系科研实习生,150-200/天,前海创新研究院
数据运营实习生,150-200/天,小爱灵动
财务实习生（深圳）实习生,150-200/天,地平线
java开发工程师实习生,150-1?0/天,景斗云
HR实习生,面议,一加科技
在线教育线上课程顾问实习生,?0-100/天,数字动能
文案策划实习生,150-300/天,知米英语
Android开发实习生,100-100/天,云巴
新媒体运营实习生,100-120/天,腾讯
Java开发工程师（21届-深圳）实习生,?0-120/天,华资软件
[通用AI技术] 神经网络压缩算法研究（实习生）实习生,?0-150/天,中科龙智
英日法德意西亚马逊精品销售实习生,150-200/天,猿人创新
审核实习生,120-1?0/天,荔枝微课
电商助理实习生,?0-120/天,味BACK
后端开发实习生,100-100/天,云巴
线上手游出海公众号运营实习生,面议,蓝船出海
产品实习生,200-250/天,即构科技
内容运营实习生,140-160/天,富途
部门助理实习生,100-150/天,众乐互娱
电商产品经理实习生,100-150/天,腾讯
产品实习生,150-200/天,SenseTime商汤科技
WEB前端开发实习生,120-1?0/天,威锋网
新媒体运营实习生,100-150/天,飞笛资讯
腾讯课堂―设计教育内容运营实习生,100-150/天,腾讯
嵌入式Linux开发实习生J10294实习生,100-150/天,研华科技
软件工程师（实习岗）实习生,200-250/天,中电九天
人工智能算法实习（IEOR工业工程与运筹学专业）实习生,120-150/天,贝尔信息
项目管理实习生,150-1?0/天,realme
技术实习生,100-150/天,高新现代
技术支持实习生（金蝶软件）实习生,?0-120/天,金蝶
管培生-门店运营方向-深圳实习生,150-200/天,热风
腾讯游戏运营实习生,100-150/天,腾讯
亚马逊推广实习生,200-300/天,奥睿拓科技
市场营销网络推广SEO/ASO实习生,150-250/天,众博企业服务
推广专员实习生,200-250/天,派对家
[工业视觉技术] 视觉算法工程师（实习生）实习生,?0-150/天,中科龙智
产品运营实习生,100-100/天,腾讯
数据分析师实习生,150-200/天,云计算科技
人才发展实习生,面议,一加科技
电商运营实习生（天猫）实习生,200-250/天,一加科技
HR实习生,面议,SHEIN
实习生( 腾讯众创空间)实习生,100-120/天,微青罗
腾讯新闻实习运营编辑-深圳实习生,100-150/天,腾讯
西班牙语客服（实习生）实习生,50-100/天,掌中文化
游戏策划（剧情）实习生,150-150/天,字节跳动
SEO优化实习生,200-300/天,深为软件科技
产品助理实习生,?0-120/天,云之家
腾讯IPM城市负责人实习生,100-120/天,腾讯
[通用AI方向] 虚拟现实VR算法工程师（实习）实习生,?0-150/天,中科龙智
语文教研（文言文）实习生,100-120/天,魔力学院
数据分析师实习生,150-300/天,店匠科技
微信公众号/新媒体内容编辑实习生,100-200/天,简单客
营销项目管理实习生,120-1?0/天,realme
产品策划实习生,100-120/天,多保科技
游戏策划剧情实习生,150-150/天,字节跳动
游戏体验员实习生,1?0-300/天,智联慧通
行政实习生,120-150/天,金蝶
财务实习生,面议,一加科技
IT工程师实习生,?0-150/天,易基因
,100-100/天,腾讯
信息流数据分析实习生,100-120/天,腾讯
英文客服实习生,100-150/天,ET
游戏测试实习生,150-1?0/天,天天嗨玩
Python/Golang 后端工程师（实习）实习生,150-200/天,Gekko Lab
ERP实施顾问实习生,100-150/天,金蝶
数据分析实习生,120-150/天,盛业资本
软件工程师 - Web 前端工程师实习生,300-400/天,SmartX
HR实习生（,120-150/天,字节跳动
电商运营实习生,100-150/天,山泽基业科技
[医疗AI方向] AI 心电算法工程师（实习生）实习生,?0-120/天,中科龙智
游戏数据运营实习生（深圳）实习生,150-150/天,字节跳动
海外游戏运营实习生（深圳）实习生,120-150/天,字节跳动
游戏策划实习生,150-150/天,字节跳动
游戏策划实习生,150-150/天,字节跳动
HRBP实习生,150-150/天,字节跳动
海外游戏市场公关实习生,100-120/天,字节跳动
用户运营实习生,120-200/天,荔枝微课
产品实习生,150-200/天,贝尔信息
营销资源审核实习生,100-150/天,京东
c#开发工程师实习生,100-200/天,惠群商业数据
在线客服实习生,100-150/天,派对家
网络客服实习生,100-14?/天,云上医疗
,100-150/天,中国人才热线
项目运营实习生,100-120/天,超级简历WonderCV
创新项目实习产品经理实习生,100-150/天,腾讯
腾讯-TEG-数据产品经理日常实习生,300-500/天,腾讯
腾讯PCG-活动运营实习生,100-120/天,腾讯
腾讯PCG HR,120-150/天,腾讯
PCG-信息流数据分析实习生,100-200/天,腾讯
PCG人力资源实习生（,120-150/天,腾讯
新媒体运营线上志愿者实习生,面议,腾讯
人力资源实习生（,120-150/天,腾讯
数据中台产品实习生,150-250/天,腾讯
数据中台产品运营实习生,120-200/天,腾讯
腾讯-TEG-B端产品策划日常实习生,300-500/天,腾讯
腾讯-TEG-B端产品经理日常实习生（商业分析方向）实习生,300-500/天,腾讯
腾讯-TEG-产品运营日常实习生,300-500/天,腾讯
产品体验实习生,150-200/天,腾讯
技术社区运营实习生,100-150/天,腾讯
短视频产品运营实习生,100-150/天,腾讯
人力资源实习生-,100-150/天,腾讯
腾讯云产品助理实习生,100-150/天,腾讯
腾讯人力资源实习生,100-100/天,腾讯
游戏活动运营实习生,100-120/天,腾讯
渠道运营实习生,100-150/天,Airwallex空中云汇
运营实习生,150-150/天,腾讯
技术运维实习生,150-1?0/天,盈合机器人
广告运营实习生,150-200/天,AKULAKU
程序员实习生,120-200/天,普深软件
软件开发实习生,150-200/天,前海创新研究院
游戏策划师实习生,250-300/天,蚁巢互娱
内容运营（体验官）实习生,1-50/天,搜狐
视觉 / UI设计实习生（2021届）实习生,150-200/天,卡牛科技
内容运营实习生,0-50/天,搜狐
店铺实习生,100-150/天,Interact China
内容运营实习生（体验官）实习生,1-50/天,搜狐
内容运营实习生（体验官）实习生,1-50/天,搜狐
产品运营实习生（体验官）实习生,0-20/天,搜狐
校园渠道远程实习生,50-50/天,搜狐
运营实习生,100-120/天,量子云
英语数据标注实习生,150-250/天,繁星数据
视频审核实习生,120-1?0/天,繁星数据
视觉设计实习生,100-150/天,孤岛科技
[无人系统技术] 视觉SLAM工程师（实习生）实习生,?0-150/天,中科龙智
[通用AI技术] 深度学习模型优化研究员(实习生)实习生,?0-150/天,中科龙智
数据开发工程师【实习】【深圳】实习生,150-200/天,数澜科技
产品经理（实习）实习生,120-1?0/天,云计算科技
前端工程师实习生,150-200/天,云计算科技
计算机视觉算法工程师实习生,100-150/天,云计算科技
Software Development Assistant 软件工程助理实习生,120-1?0/天,西门子
财务实习生,150-200/天,金蝶
部门助理实习生,120-150/天,金蝶
活动策划/市场推广实习生,100-150/天,金蝶
运营策略实习生-两轮车实习生,150-200/天,滴滴
战略分析实习生,面议,一加科技
组织发展实习生,100-150/天,一加科技
信息技术部实习生（运维开发、测试开发方向）实习生,150-200/天,高毅资产
用户运营实习生（快影）实习生,150-300/天,快手
战略分析实习生,200-300/天,平安科技
人力资源实习生,100-150/天,小米
销售运营实习生（设计类）实习生,100-150/天,欢聚集团
人力资源实习生,120-1?0/天,房讯通
服务运营实习生,?0-100/天,金蝶
产品实习生-【快影】实习生,150-300/天,快手
视觉中台后台开发实习生,200-300/天,平安科技
车影像算法实习生（深圳）实习生,300-300/天,平安科技
文案翻译实习生,50-100/天,拓境科技
结构工程师助理实习生,1?0-300/天,M5Stack
新媒体实习生,?0-150/天,公苑科技
少儿教育内容创作实习生（线上）实习生,50-100/天,嗨拼生活
新媒体实习生,100-130/天,量子云
项目申报助理（实习生）实习生,200-300/天,平安科技
校园大使实习生,面议,壹点灵
kol实习生,150-200/天,派对家
实习产品经理实习生,200-250/天,派对家
,50-100/天,派对家
渠道拓展实习生,200-250/天,派对家
项目专员实习生,100-150/天,派对家
投标专员实习生,100-150/天,派对家
信息收集实习生,250-300/天,派对家
平面设计实习生,150-250/天,泽盛长红
微信小程序开发实习生,200-300/天,深为软件科技
app小程序开发实习生,250-400/天,深为软件科技
java开发实习生,250-400/天,深为软件科技
网络推广实习生,150-250/天,深为软件科技
新媒体运营助理实习生,1?0-250/天,深为软件科技
文案创意（短视频方向）实习生,150-300/天,深为软件科技
需求分析师实习生,200-300/天,深为软件科技
抖音/快手运营助理实习生,200-300/天,深为软件科技
HTML5开发实习生,250-400/天,深为软件科技
电商平面设计师实习生,200-300/天,深为软件科技
产品助理实习生,200-300/天,深为软件科技
UI界面设计师实习生,200-300/天,深为软件科技
APP界面设计师实习生,200-300/天,深为软件科技
电气工程师实习生,200-300/天,深为软件科技
信息流优化助理实习生,1?0-200/天,深为软件科技
PHP实习生,200-400/天,深为软件科技
初级UI/偏广告运营实习生,120-1?0/天,泽派信息
软件测试实习生,100-200/天,泽派信息
web前端实习生,150-300/天,泽派信息
产品助理实习生,120-150/天,花儿绽放
新媒体运营实习生,50-?0/天,简言教育
新媒体编辑实习生,100-150/天,蓝果网络
网络销售/市场推广实习生,?0-150/天,互动酷
Python初级开发工程师（宝安）实习生,200-400/天,智联慧通
平面设计实习生,200-400/天,智联慧通
java软件初级工程师（宝安）实习生,200-400/天,智联慧通
数据分析助理实习生,200-400/天,智联慧通
web前端开发助理实习生,200-300/天,智联慧通
[通用AI技术] 三维重建研究员 (实习生)实习生,?0-150/天,中科龙智
项目助理实习生,面议,一加科技
算法设计实习生,150-200/天,前海创新研究院
[物联安防技术] 人脸跟踪算法工程师（实习生）实习生,?0-150/天,中科龙智
[通用AI技术] 3D视觉开发工程师（实习生）实习生,?0-150/天,中科龙智
区域市场实习生,150-200/天,滴滴
视觉设计实习生,150-150/天,SHEIN
产品实习生-【快影】实习生,150-300/天,快手
产品管理实习生-ZP2007224182实习生,120-150/天,京东数科
平面设计实习生,150-200/天,派对家
在线数学老师实习生,150-300/天,摩恩科技
潮流APP平面设计实习生,120-150/天,SHOCK休克
02设计实习生,150-200/天,百丽新零售
音视频算法实习生,300-400/天,即构科技
销售运营实习生,200-250/天,一加科技
区块链分析师实习生,250-500/天,微聚美
电商产品策划实习生,100-150/天,一加科技
用户研究实习生,100-150/天,一加科技
软件工程师（设计插件开发方向）实习生,500-1000/天,方大集团
商务助理实习生,1?0-250/天,UCG
短视频创意及制作实习生,100-150/天,派对家
专利申报专员实习生,250-300/天,派对家
运筹优化算法实习生,200-300/天,SHEIN
手绘师/简笔画实习生,150-200/天,派对家
人工智能算法实习生（IEOR工业工程与运筹学专业）实习生,150-200/天,贝尔信息
公众号外链程序开发实习生,150-200/天,派对家
实习剪辑实习生,150-200/天,派对家
法务实习生,200-250/天,派对家
英文翻译实习生,400-500/天,派对家
实习摄像实习生,500-?00/天,派对家
程序员实习生,150-200/天,麋鹿国际
数据分析实习生J10292实习生,150-300/天,传易互联
短视频运营实习生（法语）J10284实习生,150-200/天,传易互联
测试实习生J10196实习生,150-200/天,传易互联
平台政策运营实习生,150-150/天,Shopee
销售实习生,150-200/天,小赢科技
客服实习生,150-150/天,货拉拉
项目助理实习生,200-200/天,顺丰科技
FPGA优化验证见习工程师实习生,300-500/天,SenseTime商汤科技
亚马逊销售（德语）实习生,200-400/天,瑞华年
视频剪辑实习生,100-200/天,字节跳动
后台开发实习生,250-300/天,即构科技
产品实习生,150-150/天,SHEIN
品牌实习生,150-200/天,优必选
市场营销顾问实习生,150-250/天,众博企业服务
出纳实习生,250-400/天,玖元科技
腾讯课堂-教育内容运营实习生,100-150/天,腾讯
品牌实习生,100-120/天,舒可士
强化学习实习生,200-300/天,超参数科技
产品研发工程师/机械设计工程师（2020/2021届）实习生,150-300/天,石头科技
科技新闻编辑实习生,100-150/天,威锋网
海外广告优化师实习生,150-200/天,海纳互动
财务实习生-深圳实习生,100-150/天,有赞
IT运维实习生,200-400/天,华熠
后端开发实习生（PHP/GO）实习生,150-200/天,威锋网
【字节跳动（深圳）-人力资源实习生】实习生,150-150/天,字节跳动
医学数据分析师实习生,150-200/天,繁星数据
编辑实习生（时尚美妆类）实习生,150-1?0/天,量子云
行政人事助理实习生,?0-100/天,北斗院
人力资源实习生（HR SSC）实习生,?0-120/天,金蝶
电商运营实习生（2021年）实习生,?0-100/天,好色派沙拉
,?0-120/天,金蝶
数据分析实习生,150-200/天,小爱灵动
城市运营管培生实习生,200-300/天,阿里巴巴
腾讯云运营设计实习生,150-150/天,腾讯
储备干部实习生,200-250/天,伍氏料理
市场分析实习生,120-150/天,Shopee
销售管培生_2021届实习生,150-200/天,亚信
品牌实习生（短视频创作+社区运营）实习生,100-120/天,金斧子
,150-200/天,法本信息
Android开发实习生（海外产品）实习生,150-200/天,威锋网
计算机视觉研究实习生,300-400/天,SenseTime商汤科技
新媒体运营实习生,?0-120/天,众乐互娱
搜狐二次元签约作者实习生,1-50/天,搜狐
客户端开发实习生,250-300/天,即构科技
用户体验研究专员实习生,200-300/天,阿里巴巴
电子商务专员实习生,150-200/天,猿人创新
用户研究实习生,200-300/天,阿里巴巴
iOS开发实习生,100-150/天,威锋网
项目助理实习生（深圳）实习生,?0-120/天,Bingosoft
亚马逊法语销售实习生,200-300/天,瑞华年
测试实习生,150-200/天,升幂科技
实施交付实习生,?0-120/天,金蝶
AE策划实习生,100-150/天,众乐互娱
互联网产品实习（全球多语言社区）实习生,100-150/天,威锋网
前端实习生,50-100/天,中益科技
潮流App内容运营实习生,100-150/天,SHOCK
医学影像分析实习生,120-200/天,科亚医疗
运营专员（企业内控与业务管理）实习生,100-120/天,金蝶
HRBP实习生,120-120/天,字节跳动
楼盘编辑/新闻编辑实习生,100-150/天,新浪乐居
内容编辑实习生,?0-100/天,腾讯・大粤网
潮流短视频实习生,120-150/天,SHOCK休克
英语老师实习生,150-200/天,波比英语
App视觉设计劳务实习生,100-150/天,腾讯
人事助理实习生,120-150/天,德科信息
网页设计实习生,100-200/天,Interact China
UI设计实习生,150-200/天,威锋网
实习美工实习生,150-200/天,瑞华年
电商运营实习生,150-150/天,Shopee
意大利语实习生,100-200/天,Interact China
HR实习生（SSC方向）实习生,150-200/天,快手
亚马逊西班牙语销售实习生,200-400/天,瑞华年
企业文化实习生,120-200/天,realme
内容运营实习生,120-150/天,京东
腾讯学院新媒体运营实习生,50-100/天,腾讯
新媒体运营实习生,120-150/天,腾讯
人力资源实习生,150-200/天,realme
百度国际化商务运营实习生（阿拉伯语）实习生,100-150/天,百度国际事业部
实习C/C++开发工程师实习生,200-250/天,阿里巴巴
亚马逊德语销售实习生,200-400/天,瑞华年
搜索策略产品实习生,100-150/天,腾讯
短视频实习生(拍摄剪辑)实习生,100-150/天,大自在文化
亚马逊意大利语销售实习生,200-400/天,瑞华年
市场运营实习生,150-300/天,味BACK
腾讯学院平面设计实习生,50-100/天,腾讯
产品运营实习生（剪辑方向）实习生,100-150/天,腾讯
内容审核实习生,0-50/天,搜狐
HR实习生（,120-1?0/天,realme
媒介实习生,100-150/天,海纳互动
实习心理咨询师实习生,面议,壹点灵
亚马逊运营专员实习生,200-400/天,奥睿拓科技
日本项目对接专员实习生,150-200/天,派对家
产品策划实习生,120-150/天,SHOCK休克
开发顾问实习生,100-150/天,用友金融
课程运营实习生,150-200/天,风变科技
亚马逊产品开发实习生,200-400/天,瑞华年
会计出纳实习生,?0-160/天,靓圣科技
动画/MG/后期/flash实习生,150-200/天,派对家
全球社区运营实习生,120-1?0/天,realme
新媒体运营实习生,?0-100/天,好色派沙拉
新媒体编辑（实习）实习生,100-150/天,水果猫乐园
亚马逊运营助理实习生,1?0-200/天,帕骐
[无人系统技术] 视觉算法工程师(实习生）实习生,?0-150/天,中科龙智
体育教师实习生,200-300/天,牛牛成长
大客户销售实习生,1?0-250/天,ASINKING
西班牙语实习生,?0-120/天,Interact China
创意设计师实习生,200-300/天,阿里巴巴
,150-200/天,AKULAKU
互联网产品实习生,150-200/天,贝尔信息
实习数据分析师实习生,200-250/天,阿里巴巴
腾讯视频VIP・交互设计实习生,150-300/天,腾讯
市场营销专员实习生,150-250/天,众博企业服务
前端工程师（2022届）实习生,200-300/天,SHEIN
机器学习算法实习生,250-300/天,创新工场
人力资源实习生,?0-120/天,云之家
客户经理实习生（销售）实习生,100-200/天,齐杉科技
日语翻译实习生,150-200/天,软通动力
实习算法工程师-运筹优化实习生,200-250/天,阿里巴巴
雅思文案实习生,100-200/天,offercoming
品类运营实习生,100-150/天,京东
助理视觉设计师实习生,50-100/天,腾讯
腾讯游戏游戏运营（DNF手游）实习生,120-120/天,腾讯
品牌营销实习生,100-120/天,达实物联
校园合伙人实习生,50-100/天,晓耀信息
web前端开发实习生-广告系统实习生,400-400/天,字节跳动
软件测试实习生（超声）实习生,100-150/天,迈瑞公司
德语翻译实习生,50-100/天,独角鲸翻译工作室
用户运营实习生,200-300/天,阿里巴巴
实习销售代表实习生,150-200/天,中企动力
项目助理实习生,120-1?0/天,极联股份
【校园大使】2021届校园大使实习生,150-300/天,金证股份
销售工程师实习生,150-150/天,武汉噢易云
新媒体运营（托福）实习生,100-200/天,offercoming
会计实习生,400-?00/天,玖元科技
海外技术支持工程师（2021届）实习生,100-120/天,巨峰科技
意大利语翻译实习生,150-1?0/天,文思海辉
视觉设计师岗实习生,200-300/天,京东
（今日头条）HRBP实习生,150-150/天,字节跳动
海外游戏市场实习生（深圳）实习生,150-150/天,字节跳动
UI设计实习生（深圳）实习生,150-200/天,字节跳动
交互设计实习生（深圳）实习生,150-200/天,字节跳动
HR实习生,150-150/天,字节跳动
小说产品实习生,150-150/天,字节跳动
HRBP实习生-深圳实习生,150-150/天,字节跳动
音频研发实习生 - AI Lab实习生,400-400/天,字节跳动
后台开发实习生-Data实习生,400-400/天,字节跳动
【字节跳动】员工关系-深圳实习生,150-200/天,字节跳动
作业辅导老师实习生,300-400/天,清大燕园
文案编辑（会计）实习生,100-200/天,向海教育
财务实习生（深圳）实习生,100-120/天,东软
搜狐小说签约作者实习生,面议,搜狐
外贸业务员实习生,150-200/天,猿人创新
（精英课程）英语老师实习生,300-400/天,清大燕园
（精英课程）语文老师实习生,300-400/天,清大燕园
（精英课程）政治历史地理老师实习生,300-400/天,清大燕园
产品实习生,150-200/天,AKULAKU
英语销售/助理实习生,200-250/天,恒之易
小语种销售/助理（德/法/西/意/日）实习生,250-300/天,恒之易
销售助理实习生,200-250/天,搜牛科技
呼叫中心专员实习生,?0-160/天,靓圣科技
新媒体运营远程实习生,?0-120/天,超级简历WonderCV
腾讯PCG HR实习生（校园,120-150/天,腾讯
腾讯云产品体验官实习生,面议,腾讯
内容运营实习生,200-300/天,Rocket AI
内容编辑实习生,200-300/天,Rocket AI
（精英课程）物理化学生物老师实习生,300-400/天,清大燕园
（精英课程）数学老师实习生,面议,清大燕园
实习生 软件包实施顾问实习生,130-150/天,凯捷咨询
HR实习生,120-150/天,SHOCK
Python研发实习生,120-150/天,SHOCK
商务实习生（潮流向）实习生,120-150/天,SHOCK
运维实习生,120-1?0/天,思特奇
社区团购 运营实习生,100-200/天,京东
前端实习生,150-200/天,京东
腾讯青腾汇商业分析实习岗实习生,100-120/天,腾讯
机器人研发工程师实习生,200-300/天,阿里巴巴
市场营销实习生,200-300/天,阿里巴巴
产品经理实习生,200-300/天,阿里巴巴
数据分析师实习生,200-400/天,阿里巴巴
安全工程师实习生,200-300/天,阿里巴巴
短视频产品运营-R实习生,100-150/天,腾讯
腾讯企鹅辅导内容运营实习生,120-120/天,腾讯
社群运营实习生,120-150/天,腾讯
运营培训生实习生,100-1?0/天,摩拜单车
HR实习生,150-250/天,腾讯
[通用AI技术] 3d点云算法开发工程师 (实习生）实习生,50-100/天,中科龙智
机器学习研究员实习生,150-250/天,OPPO
意大利语数据标注实习生,?0-150/天,独角鲸翻译工作室
俄语翻译实习生,?0-150/天,独角鲸翻译工作室
印尼语漫画翻译实习生,100-200/天,独角鲸翻译工作室
德语音频审核实习生,100-1?0/天,独角鲸翻译工作室
法语翻译实习生,?0-150/天,独角鲸翻译工作室
西班牙语翻译实习生,面议,独角鲸翻译工作室
英语听写实习生,?0-120/天,独角鲸翻译工作室
多语种标注部门主管助理实习生,?0-150/天,独角鲸翻译工作室
阿拉伯语翻译实习生,100-200/天,独角鲸翻译工作室
葡萄牙语音频审核实习生,100-150/天,独角鲸翻译工作室
英语数据标注实习生,50-100/天,独角鲸翻译工作室
稀有语种语音审核实习生,?0-150/天,独角鲸翻译工作室
漫画修图美工实习生,100-200/天,独角鲸翻译工作室
意大利语翻译实习生,?0-150/天,独角鲸翻译工作室
阿拉伯语语音审核实习生,50-100/天,独角鲸翻译工作室
多媒体算法研究实习生,200-250/天,腾讯音乐
产品运营（体验官）实习生,0-20/天,搜狐
文案编辑（雅思）实习生,100-200/天,offercoming
文案运营（高考）实习生,100-200/天,offercoming
新媒体运营实习生,?0-120/天,金蝶软件
产品运营实习生（体验官）实习生,0-20/天,搜狐
校园大使实习生,50-100/天,触宝
视觉设计实习生,150-200/天,图灵视觉
"前端开发实习生（vue,小程序）实习生",150-300/天,深算纪元
日语数据标注实习生,150-250/天,繁星数据
销售运营（深圳）实习生,100-1?0/天,牛客网
[车影像技术] 驾驶员监控系统算法（实习生）实习生,?0-150/天,中科龙智
[通用AI技术] 深度学习模型优化（实习生）实习生,?0-150/天,中科龙智
[AGV导航技术] SLAM/图像处理工程师(实习生)实习生,?0-150/天,中科龙智
[车影像技术]  ADAS标定工程师（实习生）实习生,?0-150/天,中科龙智
[系统应用技术] 物联网电子工程师(实习生)实习生,?0-150/天,中科龙智
[AGV导航技术] 视觉SLAM算法工程师(实习生)实习生,?0-150/天,中科龙智
[通用AI技术] 深度学习算法压缩（实习生）实习生,?0-150/天,中科龙智
[医学AI技术] 医学影像算法研究员(实习)实习生,?0-150/天,中科龙智
[医疗AI技术] 医学影像算法工程师（实习）实习生,?0-150/天,中科龙智
Java开发工程师实习生,120-200/天,卫宁健康
财务实习生,150-200/天,金蝶
Java/后台开发实习生,100-150/天,金蝶
项目助理实习生,120-150/天,金蝶
人力资源专员实习生,100-150/天,金蝶
管理会计实习生,100-150/天,金蝶
HR实习生,120-150/天,金蝶
人力资源实习生（人才发展方向）实习生,120-150/天,金蝶
销售实习生,100-150/天,金蝶
财务实施实习生,120-150/天,金蝶
测试工程师实习生,100-150/天,金蝶
行政文员实习生,150-200/天,金蝶
项目管理-部门助理实习生,120-150/天,金蝶
软件测试实习生,100-150/天,金蝶
项目管理-部门助理实习生,100-150/天,金蝶
电商运营实习生,100-150/天,怕怕
商务助理实习生,?0-100/天,怕怕
[通用AI技术] 计算机视觉研究员（实习生）实习生,?0-150/天,中科龙智
[AGV导航技术] 嵌入式工程师(实习生)实习生,?0-150/天,中科龙智
[车影像技术] 嵌入式Linux工程师 (实习生)实习生,?0-150/天,中科龙智
[物联安防技术] 人脸分析工程师（实习生）实习生,?0-150/天,中科龙智
[物联安防技术]  OCR算法工程师（实习生）实习生,?0-150/天,中科龙智
[车影像技术] 深度学习算法工程师 (实习生)实习生,?0-150/天,中科龙智
[车影像技术] 计算机视觉算法实习生,?0-150/天,中科龙智
[通用AI技术] 人脸识别工程师（实习生）实习生,?0-150/天,中科龙智
[系统应用技术] 嵌入式应用工程师 (实习生)实习生,?0-150/天,中科龙智
[系统应用技术] 嵌入式系统工程师 (实习生)实习生,?0-150/天,中科龙智
[系统应用技术] 物联网工程师（实习生）实习生,?0-150/天,中科龙智
[通用AI技术] 通用目标检测算法工程师（实习生）实习生,?0-150/天,中科龙智
人工智能中心算法测试工程师实习生,200-300/天,平安科技
产品应用开发工程师实习生（深圳）实习生,200-300/天,平安科技
泊寓实习生,100-150/天,泊寓公寓
项目助理PMO Intern实习生,150-150/天,埃森哲
德语/西班牙/葡语/意大利语-海外管培生实习生,250-300/天,兰亭集势
UI设计实习生,200-300/天,平安科技
产品运营实习生,200-300/天,平安科技
产品经理实习生,200-300/天,平安科技
医学专业实习生,150-250/天,火石创造
药学专业实习生,200-250/天,火石创造
新媒体运营实习生,100-150/天,云上医疗
商务实习生,50-100/天,新浪华南
软件产品经理实习生3538实习生,150-1?0/天,realme
渠道运营实习生（分销方向）实习生,120-200/天,realme
渠道运营实习生,150-200/天,realme
货品运营实习生,150-200/天,百丽新零售
小程序开发实习生,200-250/天,深算纪元
运营实习生（公众号）实习生,120-150/天,量子云
大客户销售实习生,120-200/天,小鸟云
后台开发工程师实习生,300-400/天,平安科技
算法工程师实习生,300-400/天,平安科技
产品经理助理实习生,300-400/天,平安科技
顾问助理实习生,150-200/天,陈列共和
客户助理（实习生）实习生,100-150/天,SNK
事业部总经理助理（产品经理方向培养）实习生,?0-100/天,云之家
UI设计实习生,200-300/天,平安科技
产品经理实习生,200-300/天,平安科技
销售运营实习生,150-200/天,欢聚集团
售前工程师实习生,150-250/天,武汉噢易云
运营实习生,150-200/天,百丽新零售
人力资源实习生（,120-150/天,泊寓公寓
新媒体运营实习生,100-150/天,众乐互娱
行政实习生,150-200/天,滴滴
创意策划实习生,100-150/天,众乐互娱
海外官网运营实习生,150-200/天,realme
Java实习生,100-150/天,万德信息
数据分析实习生,150-150/天,东软望海
后期制作实习生,100-150/天,众乐互娱
优化实习生,150-200/天,睿晟广告
泰语漫画翻译实习生,150-300/天,独角鲸翻译工作室
中英小说漫画翻译实习生,?0-150/天,独角鲸翻译工作室
Brand Manager Assistant (internship)实习生,120-1?0/天,realme
智能交通项目助理实习生,150-200/天,北斗院
UI设计（实习）实习生,150-200/天,北斗院
营销项目助理实习生,150-200/天,realme
医学实习生,150-250/天,神州医疗
培训实习生,120-150/天,货拉拉
视觉算法实习生,200-300/天,平安科技
产品经理实习生（深圳）实习生,300-300/天,平安科技
视觉中台自动化测试实习生,300-300/天,平安科技
人脸组产品经理实习生,200-300/天,平安科技
产品运营实习生,200-300/天,平安科技
视觉中台算法实习生（深圳）实习生,300-300/天,平安科技
视觉软件开发实习生,200-300/天,平安科技
UI实习生,200-300/天,平安科技
新媒体运营实习生,100-150/天,花儿绽放
HR实习生（校园,200-200/天,顺丰科技
会计实习生,150-150/天,DR
视频策划实习生,150-1?0/天,realme
数据标注实习生（计算机视觉方向）实习生,200-250/天,顺丰科技
数据标注实习生,200-300/天,顺丰科技
技术咨询分析师-运维实习生,100-150/天,埃森哲
数据科学实习生,150-200/天,埃森哲
咨询分析师（BA）-日语/韩语/粤语实习生,150-200/天,埃森哲
UI/UX设计师实习生,150-200/天,埃森哲
咨询分析师（BA）实习生,150-200/天,埃森哲
技术咨询分析师-开发实习生,150-200/天,埃森哲
运营实习生,100-150/天,兰亭集势
全栈工程师（实习）实习生,500-1000/天,思何远方
人事专员实习生,200-250/天,搜牛科技
平台客服实习生,120-150/天,搜牛科技
,150-200/天,搜牛科技
人力资源实习生（,100-120/天,金蝶
财务实习生,150-150/天,桥溪
财务管理实习生,200-400/天,招商金科
实习生（前端开发）实习生,150-200/天,Bello智能
档案实习生,?0-100/天,金蝶
游戏测试工程师实习生,面议,yidatec
,100-200/天,极联股份
创意策划实习生,120-150/天,花儿绽放
软件测试实习生,150-200/天,晶晨amlogic
Web前端实习生,120-150/天,云之家
海外内容运营实习生(视频方向)实习生,150-150/天,稿定设计
官网运营实习生,120-1?0/天,realme
软件测试工程师实习生,100-150/天,迈瑞公司
新媒体运营实习生,100-120/天,一加科技
[通用AI技术] TensorFlow工程师（实习生）实习生,?0-150/天,中科龙智
[无人系统技术] SLAM算法工程师（实习生）实习生,?0-150/天,中科龙智
[车影像技术] 360环视系统工程师（实习生）实习生,?0-150/天,中科龙智
[车影像技术] ADAS算法研发工程师 (实习生)实习生,?0-150/天,中科龙智
[通用AI技术] 3D建模美工师 (实习生)实习生,?0-150/天,中科龙智
[工业视觉技术] 三维视觉工程师（实习生）实习生,?0-150/天,中科龙智
[通用AI技术] 人体姿态估计算法工程师（实习生）实习生,?0-150/天,中科龙智
[物联安防技术] OCR应用算法工程师（实习生）实习生,?0-150/天,中科龙智
网易游戏高校记者实习生,100-150/天,网易游戏
（掌门教育）线上高中语文老师教师实习生,100-200/天,美悠信息
项目运营实习生,150-200/天,SenseTime商汤科技
[车影像技术] ADAS硬件工程师 （实习生）实习生,?0-150/天,中科龙智
腾讯视频产品策划实习生,100-120/天,腾讯PCG
产品助理实习生,150-200/天,北斗院
人力资源（HRBP）实习生-抖音实习生,150-200/天,字节跳动
设计实习生,120-200/天,realme
后台开发实习生,100-150/天,威尔云
头条研发(深圳)HRBP实习生,150-200/天,字节跳动
用户研究实习生（阿拉伯语）实习生,150-150/天,SHEIN
左撇子讲师实习生,50-100/天,凯瑞艾森
商务实习生（潮流向）实习生,120-150/天,SHOCK休克
潮流APP产品运营实习生,120-150/天,SHOCK休克
校区学生实习代表实习生,150-300/天,垲洱闻
实施顾问实习生,100-150/天,用友金融
感知算法实习生,300-500/天,牧月科技
亚马逊日本站运营实习生,1?0-300/天,盛发伟业
WEB前端开发实习生,250-300/天,即构科技
[系统应用技术] 嵌入式软件开发工程师（实习）实习生,?0-150/天,中科龙智
[通用AI技术] 深度学习算法工程师（实习）实习生,?0-150/天,中科龙智
[通用AI技术] 三维视觉算法工程师（实习）实习生,?0-150/天,中科龙智
[通用AI技术] 手势识别算法工程师（实习）实习生,?0-150/天,中科龙智
[物联安防技术] 双目立体视觉算法工程师（实习）实习生,?0-150/天,中科龙智
,100-120/天,齐杉科技
产品经理（实习）实习生,100-150/天,齐杉科技
【百度自然语言处理部】NLP算法应用实习工程师实习生,150-300/天,百度
清华大学机器学习课题组实习生,面议,清华深研院
网易云音乐“校园音探”实习生,面议,网易
C/C++工程实习生,100-200/天,巨杉数据库
影像产品实习生,150-200/天,realme
亚马逊日语销售实习生,200-400/天,瑞华年
Amazon亚马逊销售实习生,150-200/天,瑞华年
新媒体内容运营实习生（短视频方向）实习生,100-150/天,realme
IoT产品实习生,150-200/天,realme
业务助理实习生,150-200/天,地平线
区域市场设计实习生,200-300/天,滴滴
转化运营专员实习生,150-200/天,风变科技
[通用AI方向] OCR字符识别算法工程师（实习生）实习生,100-150/天,中科龙智
活动运营实习生,100-1?0/天,小雨伞
人事行政实习生,150-200/天,地平线
用户研究实习生,150-200/天,realme
运营管培生实习生,100-150/天,靓圣科技
市场实习生,150-150/天,奇虎360
机器学习实习生-头条研发实习生,400-?00/天,字节跳动
头条研发-后台开发实习生,400-?00/天,字节跳动
校园大使实习生,?0-150/天,小木屋图书
渠道管理实习生,?0-150/天,识业教育科技
Android实习生,200-300/天,滴滴
前端实习生,200-300/天,滴滴
测试工程师（2022届）实习生,200-300/天,SHEIN
算法工程师实习生,200-300/天,SHEIN
社媒摄影实习生,120-200/天,realme
C++/Go开发工程师实习生,100-150/天,达实智能
线下市场运营管理实习生,120-200/天,realme
机器视觉项目实习生,200-200/天,慧智星晨
算法实习生,200-250/天,慧智星晨
机器人方案实习生,200-250/天,慧智星晨
文案编辑实习生JD001实习生,100-200/天,信一科技
种草编辑实习生JD006实习生,100-200/天,信一科技
文案编辑实习生JD003（通稿方向）实习生,100-200/天,信一科技
文案编辑实习生JD004（自媒体方向）实习生,100-200/天,信一科技
文案编辑实习生JD002实习生,100-200/天,信一科技
文案策划实习生JD005（经验分享方向）实习生,100-200/天,信一科技
文案编辑实习生JD005（种草方向）实习生,100-150/天,信一科技
essay辅导编辑实习生,400-?00/天,景态教育
实习生（生物信息分析工程师）实习生,?0-100/天,易基因
产品文案策划实习生,120-1?0/天,realme
中国社区运营实习生,120-1?0/天,realme
嵌入式软件开发实习生（机器学习与应用研究中心）实习生,100-1?0/天,AIRS
后台软件开发实习生（机器学习与应用研究中心）实习生,100-1?0/天,AIRS
财务管培生实习生,200-300/天,傲基科技
日语亚马逊运营实习生,200-300/天,傲基科技
SEM优化师实习生,250-300/天,傲基科技
电商设计实习生,120-1?0/天,realme
新媒体运营实习生,150-200/天,realme
人工智能算法实习生（计算数学专业）实习生,150-200/天,贝尔信息
人工智能算法实习生（数学相关专业）实习生,150-200/天,贝尔信息
人工智能算法实习生（计算机及相关专业）实习生,150-200/天,贝尔信息
三维重建工程师（扩展现实研究中心）实习生,120-200/天,AIRS
Java开发实习（人工智能方向）实习生,100-200/天,贝尔信息
Python开发实习（人工智能方向）实习生,100-200/天,贝尔信息
开发实习生（人工智能方向）实习生,100-200/天,贝尔信息
人工智能算法实习（计算数学专业）实习生,120-150/天,贝尔信息
人工智能算法实习（数学相关专业）实习生,120-150/天,贝尔信息
人工智能算法实习生,120-150/天,贝尔信息
Python开发实习（AI方向）实习生,120-150/天,贝尔信息
Java开发实习(AI方向）实习生,120-150/天,贝尔信息
后端研发工程师（实习生）实习生,100-150/天,百度国际事业部
策划助理实习生,100-150/天,SNK
短视频创意及制作实习生,100-150/天,派对家
在线教育线上课程顾问实习生,?0-120/天,数字动能
跨境电商运营销售实习生,150-200/天,猿人创新
法语线上实习生,120-120/天,BIGO
葡萄牙语线上实习生,120-120/天,BIGO
西班牙语线上实习生,120-120/天,BIGO
清华大学网络安全课题组保研实习生,面议,清华深研院
视觉设计实习生,100-150/天,百度
客户运营实习生,?0-150/天,金蝶
金融交易平台产品实习生,120-200/天,小米
产品经理实习生,150-250/天,小米
c++工程师实习生,150-300/天,快手
Unity软件工程师（扩展现实研究中心）实习生,120-200/天,AIRS
腾讯游戏《艾兰岛》-远程实习岗实习生,面议,实习僧
（今日头条）-人力资源实习生,150-150/天,字节跳动
游戏测试实习生,1?0-200/天,天天嗨玩
执行策划实习生,1?0-200/天,天天嗨玩
JAVA工程师（2020应届生）实习生,400-?00/天,递四方
软件测试工程师（2020应届生）实习生,400-?00/天,递四方
校园区域营销负责人实习生,100-200/天,槐江智慧科技
运维工程师实习生,120-200/天,金烽信息
[系统应用技术] 三维点云处理算法工程师（实习生）实习生,?0-150/天,中科龙智
JAVA实习生,120-1?0/天,思特奇
电商运营-储备干部实习生,150-200/天,蓝禾技术
[通用AI技术] 深度学习算法模型压缩（实习生）实习生,?0-150/天,中科龙智
[通用AI技术] AutoML算法工程师（实习生）实习生,?0-150/天,中科龙智
测试工程师实习生,200-300/天,SUGR
[工业视觉技术] 3D视觉成像算法工程师（实习生）实习生,?0-150/天,中科龙智
[安防物联技术] 人脸算法工程师 (实习生)实习生,?0-150/天,中科龙智
[系统应用技术] AI 摄像头模组工程师（实习生）实习生,50-100/天,中科龙智
[通用AI技术] AutoML机器学习研究员（实习生）实习生,?0-150/天,中科龙智
[通用AI技术] VSLAM算法工程师(实习生)实习生,?0-150/天,中科龙智
Sales管培生-校招正式岗实习生,150-200/天,思特沃克
[工业视觉技术] 3D算法软件工程师（实习生）实习生,?0-150/天,中科龙智
亚马逊运营助理实习生,200-250/天,傲基科技
市场网络推广SEO/ASO实习生,150-250/天,众博企业服务
商务渠道/商务专员岗位实习生,150-250/天,众博企业服务
商务渠道/商务顾问实习生,150-250/天,众博企业服务
网络营销实习生,1?0-300/天,众博企业服务
客服专员实习生,150-250/天,众博企业服务
[通用AI技术] 机器视觉算法工程师（实习）实习生,?0-150/天,中科龙智
[通用AI技术] 计算机视觉算法工程师（实习）实习生,?0-150/天,中科龙智
JAVA工程师实习生,250-500/天,赞同科技
助理产品开发工程师实习生,1?0-300/天,傲基科技
[工业视觉技术] 3D视觉成像研究员（实习生）实习生,?0-150/天,中科龙智
人事行政助理/实习生,200-250/天,立遨科技
销售客服实习生,150-300/天,琅h网络
运营支持实习生,150-150/天,字节跳动
实习生（偏品类运营方向）实习生,100-150/天,这里信息
市场推广实习生,100-200/天,阿宝众推
HR实习生,100-150/天,明源云客
英文翻译中英语互译实习生,50-100/天,智链
IT技术支持监控实习生,200-250/天,阿尔泰克
在线物理老师实习生,150-300/天,美悠信息
在线地理老师实习生,150-300/天,美悠信息
在线化学老师实习生,150-300/天,美悠信息
在线英语老师教师实习生,150-300/天,美悠信息
嵌入式软件工程师实习生,300-500/天,云希谷科技
社群运营实习生,150-250/天,区块跳动
市场渠道运维实习生（深圳）实习生,150-200/天,滴滴
采购助理/专员实习生,120-150/天,环高科技
实习生(,150-150/天,前海联动云
实施顾问实习生,50-?0/天,朗云志雅
亚马逊销售实习生,200-400/天,凌昂科技
软件开发实习生,150-200/天,华润电力
市场助理（数据处理方向）实习生,200-250/天,Baca
人力资源实习生,200-250/天,搜根网
在线钢琴陪练老师实习生,300-400/天,快陪练
Java开发工程师（2019届毕业生）实习生,400-600/天,友金所
店铺运营管培生（深圳区）实习生,115-200/天,百果园
店铺运营管培生（金华区）实习生,100-150/天,百果园
运营推广实习生,?0-?3/天,金蝶
